,Date,Rainfall_Settefrati,Temperature_Settefrati,Flow_Rate_Madonna_di_Canneto
0,2012-01-01,0.0,5.25,
1,2012-01-02,5.6,6.65,
2,2012-01-03,10.0,8.85,
3,2012-01-04,0.0,6.75,
4,2012-01-05,1.0,5.55,
5,2012-01-06,5.2,5.05,
6,2012-01-07,0.0,4.3,
7,2012-01-08,0.0,5.7,
8,2012-01-09,0.0,3.15,
9,2012-01-10,0.2,4.4,
10,2012-01-11,0.0,4.75,
11,2012-01-12,0.0,6.7,
12,2012-01-13,0.0,5.2,
13,2012-01-14,0.0,4.3,
14,2012-01-15,0.0,2.0,
15,2012-01-16,0.0,,
16,2012-01-17,0.0,,
17,2012-01-18,0.0,2.65,
18,2012-01-19,0.0,3.8,
19,2012-01-20,8.4,5.65,
20,2012-01-21,0.0,6.3,
21,2012-01-22,0.0,6.4,
22,2012-01-23,0.0,6.8,
23,2012-01-24,0.2,7.0,
24,2012-01-25,0.0,1.85,
25,2012-01-26,0.0,2.0,
26,2012-01-27,0.0,2.8,
27,2012-01-28,0.0,3.35,
28,2012-01-29,0.0,4.65,
29,2012-01-30,0.0,4.55,
30,2012-01-31,3.0,,
31,2012-02-01,13.8,,
32,2012-02-02,7.2,,
33,2012-02-03,9.2,,
34,2012-02-04,4.8,,
35,2012-02-05,1.8,,
36,2012-02-06,5.6,,
37,2012-02-07,1.2,,
38,2012-02-08,7.8,2.05,
39,2012-02-09,14.8,,
40,2012-02-10,1.0,,
41,2012-02-11,10.4,,
42,2012-02-12,13.2,,
43,2012-02-13,16.4,,
44,2012-02-14,11.0,,
45,2012-02-15,1.2,,
46,2012-02-16,0.0,2.9,
47,2012-02-17,0.0,2.0,
48,2012-02-18,0.0,4.75,
49,2012-02-19,2.8,4.9,
50,2012-02-20,8.8,5.4,
51,2012-02-21,0.2,7.2,
52,2012-02-22,0.0,7.35,
53,2012-02-23,0.0,8.65,
54,2012-02-24,0.0,9.8,
55,2012-02-25,0.0,11.05,
56,2012-02-26,0.0,8.25,
57,2012-02-27,2.2,3.7,
58,2012-02-28,0.0,5.15,
59,2012-02-29,0.0,9.75,
60,2012-03-01,0.0,13.25,
61,2012-03-02,0.0,12.35,
62,2012-03-03,0.0,9.8,
63,2012-03-04,0.0,8.25,
64,2012-03-05,8.8,9.25,
65,2012-03-06,7.6,5.55,
66,2012-03-07,0.0,6.05,
67,2012-03-08,0.0,5.35,
68,2012-03-09,0.0,7.5,
69,2012-03-10,0.0,9.2,
70,2012-03-11,0.0,9.15,
71,2012-03-12,0.0,8.35,
72,2012-03-13,0.0,9.15,
73,2012-03-14,0.0,9.25,
74,2012-03-15,0.0,11.75,
75,2012-03-16,0.0,12.65,
76,2012-03-17,0.0,11.55,
77,2012-03-18,0.0,12.25,
78,2012-03-19,0.0,12.2,
79,2012-03-20,0.0,14.1,
80,2012-03-21,0.0,15.2,
81,2012-03-22,0.0,15.5,
82,2012-03-23,0.0,14.3,
83,2012-03-24,0.0,12.95,
84,2012-03-25,0.0,12.05,
85,2012-03-26,0.0,13.3,
86,2012-03-27,0.0,12.8,
87,2012-03-28,0.0,14.0,
88,2012-03-29,0.0,13.9,
89,2012-03-30,0.0,12.05,
90,2012-03-31,0.0,12.35,
91,2012-04-01,0.0,11.6,
92,2012-04-02,0.2,13.2,
93,2012-04-03,0.4,15.7,
94,2012-04-04,0.0,16.05,
95,2012-04-05,,12.3,
96,2012-04-06,0.2,12.9,
97,2012-04-07,5.6,8.75,
98,2012-04-08,19.4,8.0,
99,2012-04-09,0.2,6.25,
100,2012-04-10,0.0,8.7,
101,2012-04-11,12.6,7.45,
102,2012-04-12,0.2,9.65,
103,2012-04-13,14.8,8.45,
104,2012-04-14,19.4,9.25,
105,2012-04-15,9.4,9.15,
106,2012-04-16,8.2,9.4,
107,2012-04-17,2.2,8.65,
108,2012-04-18,3.0,8.75,
109,2012-04-19,13.0,9.35,
110,2012-04-20,21.0,7.2,
111,2012-04-21,0.4,9.9,
112,2012-04-22,5.2,11.25,
113,2012-04-23,10.0,9.8,
114,2012-04-24,3.6,10.8,
115,2012-04-25,0.0,10.75,
116,2012-04-26,0.0,13.35,
117,2012-04-27,0.0,18.65,
118,2012-04-28,0.0,21.65,
119,2012-04-29,0.0,18.3,
120,2012-04-30,0.0,18.95,
121,2012-05-01,0.4,18.8,
122,2012-05-02,0.0,16.65,
123,2012-05-03,0.0,14.95,
124,2012-05-04,0.0,13.7,
125,2012-05-05,0.0,13.35,
126,2012-05-06,2.4,12.2,
127,2012-05-07,5.6,13.0,
128,2012-05-08,0.2,14.7,
129,2012-05-09,0.0,15.95,
130,2012-05-10,0.0,18.2,
131,2012-05-11,0.0,19.5,
132,2012-05-12,0.0,20.35,
133,2012-05-13,0.0,19.3,
134,2012-05-14,14.4,10.05,
135,2012-05-15,0.0,10.85,
136,2012-05-16,6.6,11.3,
137,2012-05-17,0.0,10.7,
138,2012-05-18,0.0,11.85,
139,2012-05-19,0.0,16.0,
140,2012-05-20,0.4,17.0,
141,2012-05-21,10.6,13.3,
142,2012-05-22,8.0,10.5,
143,2012-05-23,0.8,12.3,
144,2012-05-24,0.2,17.0,
145,2012-05-25,0.0,19.05,
146,2012-05-26,17.6,14.45,
147,2012-05-27,0.2,14.5,
148,2012-05-28,7.0,12.75,
149,2012-05-29,0.6,14.35,
150,2012-05-30,4.8,17.55,
151,2012-05-31,17.2,17.35,
152,2012-06-01,0.0,17.15,
153,2012-06-02,0.0,18.25,
154,2012-06-03,0.0,19.3,
155,2012-06-04,4.0,16.0,
156,2012-06-05,0.2,15.95,
157,2012-06-06,0.0,17.85,
158,2012-06-07,0.0,19.35,
159,2012-06-08,0.0,22.95,
160,2012-06-09,0.0,22.1,
161,2012-06-10,0.0,20.1,
162,2012-06-11,0.0,18.45,
163,2012-06-12,0.0,17.8,
164,2012-06-13,0.0,16.4,
165,2012-06-14,0.0,17.95,
166,2012-06-15,0.0,20.85,
167,2012-06-16,0.0,23.8,
168,2012-06-17,0.0,25.5,
169,2012-06-18,0.0,25.85,
170,2012-06-19,0.0,,
171,2012-06-20,0.0,,
172,2012-06-21,0.0,25.95,
173,2012-06-22,0.0,25.45,
174,2012-06-23,0.0,26.0,
175,2012-06-24,0.0,25.05,
176,2012-06-25,0.0,23.55,
177,2012-06-26,1.6,24.15,
178,2012-06-27,5.6,23.25,
179,2012-06-28,0.4,24.1,
180,2012-06-29,0.0,25.65,
181,2012-06-30,0.0,,
182,2012-07-01,0.0,,
183,2012-07-02,0.0,,
184,2012-07-03,0.0,24.4,
185,2012-07-04,0.0,23.3,
186,2012-07-05,0.0,23.65,
187,2012-07-06,0.0,23.45,
188,2012-07-07,0.0,24.15,
189,2012-07-08,0.0,25.45,
190,2012-07-09,0.0,,
191,2012-07-10,0.0,,
192,2012-07-11,0.0,26.0,
193,2012-07-12,0.2,23.8,
194,2012-07-13,0.0,24.0,
195,2012-07-14,0.0,24.95,
196,2012-07-15,0.0,25.8,
197,2012-07-16,0.0,22.65,
198,2012-07-17,0.0,23.05,
199,2012-07-18,0.0,24.25,
200,2012-07-19,0.0,25.55,
201,2012-07-20,0.0,25.9,
202,2012-07-21,0.0,25.15,
203,2012-07-22,0.4,23.0,
204,2012-07-23,22.0,17.5,
205,2012-07-24,31.2,19.3,
206,2012-07-25,2.2,19.4,
207,2012-07-26,0.2,21.8,
208,2012-07-27,0.0,24.95,
209,2012-07-28,0.0,,
210,2012-07-29,0.0,,
211,2012-07-30,0.0,25.8,
212,2012-07-31,0.0,25.35,
213,2012-08-01,0.0,,
214,2012-08-02,0.4,25.7,
215,2012-08-03,0.0,25.5,
216,2012-08-04,0.0,25.85,
217,2012-08-05,0.0,,
218,2012-08-06,0.0,,
219,2012-08-07,0.0,,
220,2012-08-08,0.0,,
221,2012-08-09,0.0,,
222,2012-08-10,8.2,24.35,
223,2012-08-11,0.0,21.55,
224,2012-08-12,0.0,21.85,
225,2012-08-13,0.0,23.45,
226,2012-08-14,15.9,24.2,
227,2012-08-15,0.0,24.7,
228,2012-08-16,0.0,24.3,
229,2012-08-17,0.0,25.4,
230,2012-08-18,0.0,,
231,2012-08-19,0.0,,
232,2012-08-20,0.0,,
233,2012-08-21,0.0,,
234,2012-08-22,2.8,,
235,2012-08-23,0.4,,
236,2012-08-24,0.0,,
237,2012-08-25,0.0,24.8,
238,2012-08-26,0.2,23.6,
239,2012-08-27,0.0,23.15,
240,2012-08-28,0.0,22.2,
241,2012-08-29,0.0,23.65,
242,2012-08-30,0.0,24.55,
243,2012-08-31,0.0,23.6,
244,2012-09-01,0.0,17.5,
245,2012-09-02,0.0,19.35,
246,2012-09-03,13.9,18.45,
247,2012-09-04,5.8,17.25,
248,2012-09-05,4.6,18.2,
249,2012-09-06,5.4,19.95,
250,2012-09-07,0.0,20.3,
251,2012-09-08,0.0,20.75,
252,2012-09-09,1.7,20.6,
253,2012-09-10,2.4,20.35,
254,2012-09-11,0.2,19.8,
255,2012-09-12,0.2,20.0,
256,2012-09-13,26.0,15.95,
257,2012-09-14,18.0,15.0,
258,2012-09-15,0.0,16.0,
259,2012-09-16,0.0,17.35,
260,2012-09-17,0.0,17.05,
261,2012-09-18,0.0,17.7,
262,2012-09-19,6.8,17.55,
263,2012-09-20,0.8,16.55,
264,2012-09-21,0.0,15.4,
265,2012-09-22,0.0,17.35,
266,2012-09-23,0.0,19.85,
267,2012-09-24,0.0,20.75,
268,2012-09-25,0.0,18.7,
269,2012-09-26,1.4,19.9,
270,2012-09-27,0.0,21.2,
271,2012-09-28,0.0,23.05,
272,2012-09-29,0.0,24.6,
273,2012-09-30,9.3,18.45,
274,2012-10-01,0.0,20.15,
275,2012-10-02,0.0,17.3,
276,2012-10-03,0.0,16.55,
277,2012-10-04,0.0,16.2,
278,2012-10-05,0.0,16.55,
279,2012-10-06,0.0,17.5,
280,2012-10-07,0.0,16.2,
281,2012-10-08,0.0,17.7,
282,2012-10-09,5.8,15.3,
283,2012-10-10,0.0,16.75,
284,2012-10-11,0.0,17.35,
285,2012-10-12,19.3,15.6,
286,2012-10-13,6.8,14.55,
287,2012-10-14,0.0,14.8,
288,2012-10-15,,14.9,
289,2012-10-16,2.2,12.7,
290,2012-10-17,0.0,13.4,
291,2012-10-18,0.0,16.05,
292,2012-10-19,0.0,17.45,
293,2012-10-20,0.0,18.6,
294,2012-10-21,0.0,18.95,
295,2012-10-22,0.0,18.65,
296,2012-10-23,0.0,17.3,
297,2012-10-24,0.0,16.15,
298,2012-10-25,0.0,15.55,
299,2012-10-26,29.5,13.75,
300,2012-10-27,,12.2,
301,2012-10-28,17.8,6.35,
302,2012-10-29,11.2,5.25,
303,2012-10-30,1.0,6.6,
304,2012-10-31,,9.5,
305,2012-11-01,9.4,11.45,
306,2012-11-02,0.4,12.25,
307,2012-11-03,0.0,10.85,
308,2012-11-04,27.9,12.55,
309,2012-11-05,14.0,13.6,
310,2012-11-06,0.0,11.15,
311,2012-11-07,4.4,8.55,
312,2012-11-08,0.0,8.85,
313,2012-11-09,0.0,9.95,
314,2012-11-10,0.0,12.25,
315,2012-11-11,0.6,14.6,
316,2012-11-12,1.0,16.25,
317,2012-11-13,0.0,16.35,
318,2012-11-14,0.0,13.6,
319,2012-11-15,0.0,10.4,
320,2012-11-16,0.0,9.7,
321,2012-11-17,0.0,10.7,
322,2012-11-18,18.5,11.35,
323,2012-11-19,6.2,10.95,
324,2012-11-20,1.4,9.55,
325,2012-11-21,0.0,11.55,
326,2012-11-22,0.0,11.65,
327,2012-11-23,0.0,11.55,
328,2012-11-24,0.0,10.6,
329,2012-11-25,0.0,10.2,
330,2012-11-26,0.0,9.4,
331,2012-11-27,1.8,9.2,
332,2012-11-28,,10.35,
333,2012-11-29,,6.25,
334,2012-11-30,6.2,6.05,
335,2012-12-01,7.4,5.5,
336,2012-12-02,13.8,6.15,
337,2012-12-03,2.4,2.95,
338,2012-12-04,17.8,3.4,
339,2012-12-05,0.2,3.9,
340,2012-12-06,5.4,2.05,
341,2012-12-07,11.0,2.25,
342,2012-12-08,15.2,2.3,
343,2012-12-09,0.0,,
344,2012-12-10,16.6,,
345,2012-12-11,0.0,2.35,
346,2012-12-12,0.0,,
347,2012-12-13,0.0,,
348,2012-12-14,24.4,5.15,
349,2012-12-15,9.0,8.5,
350,2012-12-16,0.6,9.5,
351,2012-12-17,15.0,6.65,
352,2012-12-18,0.2,5.4,
353,2012-12-19,0.0,4.95,
354,2012-12-20,0.0,3.55,
355,2012-12-21,13.2,3.2,
356,2012-12-22,0.2,5.65,
357,2012-12-23,0.0,5.8,
358,2012-12-24,0.0,7.9,
359,2012-12-25,0.0,6.1,
360,2012-12-26,0.0,8.6,
361,2012-12-27,0.2,8.7,
362,2012-12-28,0.0,9.0,
363,2012-12-29,0.0,6.25,
364,2012-12-30,0.0,6.05,
365,2012-12-31,0.0,6.7,
366,2013-01-01,0.0,5.7,
367,2013-01-02,2.4,6.2,
368,2013-01-03,0.0,8.3,
369,2013-01-04,0.0,7.35,
370,2013-01-05,0.0,8.85,
371,2013-01-06,0.0,7.95,
372,2013-01-07,0.0,7.9,
373,2013-01-08,0.0,6.05,
374,2013-01-09,0.0,6.9,
375,2013-01-10,0.0,6.2,
376,2013-01-11,10.8,6.0,
377,2013-01-12,0.6,4.95,
378,2013-01-13,19.8,5.15,
379,2013-01-14,,4.8,
380,2013-01-15,4.0,3.95,
381,2013-01-16,14.4,,
382,2013-01-17,12.6,1.95,
383,2013-01-18,8.6,,
384,2013-01-19,23.6,,
385,2013-01-20,,7.5,
386,2013-01-21,26.0,4.7,
387,2013-01-22,6.0,2.45,
388,2013-01-23,17.8,2.8,
389,2013-01-24,3.6,4.2,
390,2013-01-25,0.2,4.55,
391,2013-01-26,0.0,2.5,
392,2013-01-27,0.0,2.25,
393,2013-01-28,6.6,2.15,
394,2013-01-29,0.0,5.3,
395,2013-01-30,0.0,6.3,
396,2013-01-31,0.0,9.05,
397,2013-02-01,0.0,7.95,
398,2013-02-02,22.4,5.55,
399,2013-02-03,9.8,3.05,
400,2013-02-04,0.0,2.85,
401,2013-02-05,5.0,4.7,
402,2013-02-06,7.2,3.05,
403,2013-02-07,8.6,1.9,
404,2013-02-08,7.2,2.15,
405,2013-02-09,0.6,,
406,2013-02-10,0.0,,
407,2013-02-11,,,
408,2013-02-12,14.6,2.6,
409,2013-02-13,0.0,3.6,
410,2013-02-14,0.0,4.6,
411,2013-02-15,0.0,3.55,
412,2013-02-16,0.0,5.8,
413,2013-02-17,1.2,4.7,
414,2013-02-18,0.4,3.15,
415,2013-02-19,0.2,2.9,
416,2013-02-20,0.0,3.6,
417,2013-02-21,0.0,3.8,
418,2013-02-22,17.2,4.35,
419,2013-02-23,,4.05,
420,2013-02-24,6.2,2.65,
421,2013-02-25,0.2,4.45,
422,2013-02-26,0.2,4.25,
423,2013-02-27,0.0,5.1,
424,2013-02-28,0.0,6.5,
425,2013-03-01,0.0,6.2,
426,2013-03-02,0.0,5.4,
427,2013-03-03,0.0,6.65,
428,2013-03-04,0.0,7.75,
429,2013-03-05,1.4,8.6,
430,2013-03-06,25.8,10.1,
431,2013-03-07,16.4,10.05,
432,2013-03-08,10.7,8.9,
433,2013-03-09,1.2,10.1,
434,2013-03-10,16.8,10.15,
435,2013-03-11,30.6,7.95,
436,2013-03-12,29.6,6.7,
437,2013-03-13,27.4,5.05,
438,2013-03-14,0.6,5.25,
439,2013-03-15,4.0,2.0,
440,2013-03-16,0.0,2.0,
441,2013-03-17,0.4,4.25,
442,2013-03-18,27.3,6.55,
443,2013-03-19,0.0,7.15,
444,2013-03-20,10.6,7.45,
445,2013-03-21,2.4,7.6,
446,2013-03-22,0.0,8.75,
447,2013-03-23,0.0,9.4,
448,2013-03-24,0.0,13.6,
449,2013-03-25,,9.15,
450,2013-03-26,7.4,7.0,
451,2013-03-27,0.2,8.25,
452,2013-03-28,3.8,7.2,
453,2013-03-29,3.0,12.0,
454,2013-03-30,21.1,9.35,
455,2013-03-31,26.2,6.8,
456,2013-04-01,4.4,8.45,
457,2013-04-02,,7.0,
458,2013-04-03,8.6,6.9,
459,2013-04-04,0.0,9.25,
460,2013-04-05,1.6,10.65,
461,2013-04-06,0.0,11.65,
462,2013-04-07,0.0,11.1,
463,2013-04-08,0.0,9.2,
464,2013-04-09,3.2,9.8,
465,2013-04-10,0.0,12.15,
466,2013-04-11,0.0,11.75,
467,2013-04-12,0.0,12.75,
468,2013-04-13,0.0,13.25,
469,2013-04-14,0.0,14.95,
470,2013-04-15,0.0,16.05,
471,2013-04-16,0.0,15.15,
472,2013-04-17,0.0,15.7,
473,2013-04-18,0.0,16.45,
474,2013-04-19,0.0,17.55,
475,2013-04-20,0.0,13.4,
476,2013-04-21,0.0,10.4,
477,2013-04-22,6.6,8.65,
478,2013-04-23,0.0,11.05,
479,2013-04-24,0.0,15.65,
480,2013-04-25,0.0,18.25,
481,2013-04-26,17.0,17.75,
482,2013-04-27,4.8,11.95,
483,2013-04-28,0.0,15.65,
484,2013-04-29,0.0,20.75,
485,2013-04-30,0.2,21.2,
486,2013-05-01,0.0,21.9,
487,2013-05-02,3.0,17.65,
488,2013-05-03,11.3,18.3,
489,2013-05-04,0.0,19.0,
490,2013-05-05,3.6,17.4,
491,2013-05-06,19.1,15.1,
492,2013-05-07,8.2,13.5,
493,2013-05-08,0.2,13.6,
494,2013-05-09,0.0,15.95,
495,2013-05-10,1.0,16.6,
496,2013-05-11,0.0,15.3,
497,2013-05-12,10.5,14.35,
498,2013-05-13,0.0,14.15,
499,2013-05-14,0.0,14.6,
500,2013-05-15,0.0,15.4,
501,2013-05-16,10.8,16.45,
502,2013-05-17,0.6,13.7,
503,2013-05-18,0.0,16.2,
504,2013-05-19,0.0,14.0,
505,2013-05-20,0.0,13.35,
506,2013-05-21,10.2,14.9,
507,2013-05-22,4.9,16.9,
508,2013-05-23,7.6,13.55,
509,2013-05-24,4.0,11.35,
510,2013-05-25,11.0,8.05,
511,2013-05-26,2.8,9.6,
512,2013-05-27,0.0,11.6,
513,2013-05-28,0.0,15.15,
514,2013-05-29,10.7,11.85,
515,2013-05-30,10.0,9.75,
516,2013-05-31,19.8,8.7,
517,2013-06-01,8.2,9.5,
518,2013-06-02,4.8,12.8,
519,2013-06-03,10.2,13.85,
520,2013-06-04,10.8,13.55,
521,2013-06-05,7.3,14.0,
522,2013-06-06,2.6,16.3,
523,2013-06-07,0.8,18.7,
524,2013-06-08,0.0,18.0,
525,2013-06-09,0.0,18.8,
526,2013-06-10,0.2,16.1,
527,2013-06-11,1.4,15.8,
528,2013-06-12,0.0,17.7,
529,2013-06-13,0.0,19.25,
530,2013-06-14,0.0,20.2,
531,2013-06-15,0.0,21.9,
532,2013-06-16,0.0,22.2,
533,2013-06-17,0.0,24.5,
534,2013-06-18,3.6,25.9,
535,2013-06-19,0.0,24.95,
536,2013-06-20,0.0,24.9,
537,2013-06-21,0.0,24.15,
538,2013-06-22,0.0,22.25,
539,2013-06-23,0.0,21.75,
540,2013-06-24,0.0,18.7,
541,2013-06-25,6.3,17.45,
542,2013-06-26,3.6,18.0,
543,2013-06-27,1.0,16.2,
544,2013-06-28,0.6,17.5,
545,2013-06-29,0.0,16.05,
546,2013-06-30,0.0,17.2,
547,2013-07-01,0.0,19.0,
548,2013-07-02,0.0,20.9,
549,2013-07-03,0.0,20.95,
550,2013-07-04,2.2,17.4,
551,2013-07-05,0.0,21.1,
552,2013-07-06,0.0,22.2,
553,2013-07-07,1.8,21.35,
554,2013-07-08,4.6,20.2,
555,2013-07-09,2.6,20.4,
556,2013-07-10,5.4,20.1,
557,2013-07-11,9.5,20.9,
558,2013-07-12,1.6,20.6,
559,2013-07-13,5.8,22.15,
560,2013-07-14,17.2,21.05,
561,2013-07-15,0.0,21.05,
562,2013-07-16,0.0,14.8,
563,2013-07-17,0.0,22.2,
564,2013-07-18,12.9,21.3,
565,2013-07-19,4.0,20.75,
566,2013-07-20,0.0,20.75,
567,2013-07-21,1.6,21.75,
568,2013-07-22,,22.15,
569,2013-07-23,0.0,22.4,
570,2013-07-24,0.6,23.2,
571,2013-07-25,0.0,23.2,
572,2013-07-26,0.0,24.65,
573,2013-07-27,7.8,25.7,
574,2013-07-28,0.0,25.9,
575,2013-07-29,0.0,,
576,2013-07-30,0.0,22.9,
577,2013-07-31,0.0,23.1,
578,2013-08-01,0.0,23.05,
579,2013-08-02,0.0,23.9,
580,2013-08-03,0.0,26.0,
581,2013-08-04,0.0,,
582,2013-08-05,0.0,,
583,2013-08-06,0.0,,
584,2013-08-07,0.0,,
585,2013-08-08,0.0,,
586,2013-08-09,6.5,22.35,
587,2013-08-10,0.0,21.15,
588,2013-08-11,4.0,22.45,
589,2013-08-12,0.0,23.15,
590,2013-08-13,1.6,23.5,
591,2013-08-14,0.6,23.3,
592,2013-08-15,0.0,22.55,
593,2013-08-16,10.7,23.2,
594,2013-08-17,0.0,23.3,
595,2013-08-18,0.0,23.4,
596,2013-08-19,0.0,23.65,
597,2013-08-20,8.1,19.5,
598,2013-08-21,0.0,21.0,
599,2013-08-22,0.0,22.25,
600,2013-08-23,0.0,23.05,
601,2013-08-24,0.0,21.75,
602,2013-08-25,3.8,19.15,
603,2013-08-26,0.0,21.75,
604,2013-08-27,,19.3,
605,2013-08-28,0.2,18.85,
606,2013-08-29,0.0,19.9,
607,2013-08-30,0.0,20.2,
608,2013-08-31,0.0,20.25,
609,2013-09-01,0.0,20.05,
610,2013-09-02,0.6,20.5,
611,2013-09-03,0.0,21.15,
612,2013-09-04,0.0,21.9,
613,2013-09-05,0.0,21.65,
614,2013-09-06,0.4,22.5,
615,2013-09-07,9.8,22.2,
616,2013-09-08,0.0,22.15,
617,2013-09-09,5.0,19.3,
618,2013-09-10,5.8,17.9,
619,2013-09-11,3.6,17.9,
620,2013-09-12,2.2,16.35,
621,2013-09-13,2.4,16.3,
622,2013-09-14,0.0,16.9,
623,2013-09-15,23.0,15.75,
624,2013-09-16,0.4,17.0,
625,2013-09-17,0.0,15.8,
626,2013-09-18,0.0,16.0,
627,2013-09-19,0.0,17.9,
628,2013-09-20,0.0,18.35,
629,2013-09-21,6.1,19.1,
630,2013-09-22,0.2,16.25,
631,2013-09-23,0.0,15.2,
632,2013-09-24,0.0,17.3,
633,2013-09-25,0.0,16.65,
634,2013-09-26,0.0,16.95,
635,2013-09-27,0.0,18.0,
636,2013-09-28,0.0,18.65,
637,2013-09-29,11.8,18.75,
638,2013-09-30,23.3,16.55,
639,2013-10-01,0.2,16.25,
640,2013-10-02,0.0,15.55,
641,2013-10-03,0.2,13.95,
642,2013-10-04,0.0,14.5,
643,2013-10-05,,14.2,
644,2013-10-06,28.8,17.95,
645,2013-10-07,0.2,16.25,
646,2013-10-08,29.3,14.05,
647,2013-10-09,3.0,14.0,
648,2013-10-10,1.4,13.15,
649,2013-10-11,3.0,15.15,
650,2013-10-12,1.0,14.75,
651,2013-10-13,0.0,16.85,
652,2013-10-14,0.2,16.8,
653,2013-10-15,0.0,15.8,
654,2013-10-16,3.0,14.65,
655,2013-10-17,0.0,14.25,
656,2013-10-18,0.0,15.4,
657,2013-10-19,0.0,15.7,
658,2013-10-20,0.0,15.5,
659,2013-10-21,0.0,17.4,
660,2013-10-22,0.0,18.05,
661,2013-10-23,0.0,17.55,
662,2013-10-24,0.0,15.05,
663,2013-10-25,0.0,17.05,
664,2013-10-26,0.0,17.45,
665,2013-10-27,0.0,15.7,
666,2013-10-28,0.0,15.7,
667,2013-10-29,0.0,17.25,
668,2013-10-30,0.0,15.9,
669,2013-10-31,0.0,15.75,
670,2013-11-01,0.0,15.25,
671,2013-11-02,0.4,13.6,
672,2013-11-03,1.6,13.8,
673,2013-11-04,4.3,14.95,
674,2013-11-05,31.5,10.95,
675,2013-11-06,0.0,11.5,
676,2013-11-07,0.0,14.35,
677,2013-11-08,0.2,13.55,
678,2013-11-09,0.0,13.95,
679,2013-11-10,,10.85,
680,2013-11-11,19.0,7.5,
681,2013-11-12,15.0,10.15,
682,2013-11-13,6.2,11.3,
683,2013-11-14,4.2,12.5,
684,2013-11-15,1.6,11.15,
685,2013-11-16,0.0,12.3,
686,2013-11-17,0.0,12.2,
687,2013-11-18,0.0,10.95,
688,2013-11-19,,10.35,
689,2013-11-20,25.6,7.9,
690,2013-11-21,11.6,6.35,
691,2013-11-22,,5.85,
692,2013-11-23,22.4,3.75,
693,2013-11-24,0.6,4.7,
694,2013-11-25,0.0,4.8,
695,2013-11-26,2.0,,
696,2013-11-27,2.0,,
697,2013-11-28,0.6,,
698,2013-11-29,0.0,5.35,
699,2013-11-30,0.0,5.5,
700,2013-12-01,4.8,9.8,
701,2013-12-02,24.0,10.8,
702,2013-12-03,0.0,8.1,
703,2013-12-04,0.0,7.05,
704,2013-12-05,0.0,6.85,
705,2013-12-06,0.0,4.7,
706,2013-12-07,0.0,6.15,
707,2013-12-08,0.0,7.1,
708,2013-12-09,1.0,7.45,
709,2013-12-10,0.0,8.3,
710,2013-12-11,0.0,7.55,
711,2013-12-12,0.0,6.9,
712,2013-12-13,0.0,6.0,
713,2013-12-14,0.0,5.4,
714,2013-12-15,0.0,6.25,
715,2013-12-16,0.0,6.2,
716,2013-12-17,0.0,7.9,
717,2013-12-18,0.0,6.7,
718,2013-12-19,0.0,5.05,
719,2013-12-20,0.0,7.55,
720,2013-12-21,0.0,8.85,
721,2013-12-22,0.0,6.7,
722,2013-12-23,0.0,6.2,
723,2013-12-24,0.0,6.1,
724,2013-12-25,0.0,5.35,
725,2013-12-26,,6.1,
726,2013-12-27,0.0,4.85,
727,2013-12-28,0.2,6.55,
728,2013-12-29,0.2,7.45,
729,2013-12-30,8.2,6.4,
730,2013-12-31,0.2,7.0,
731,2014-01-01,0.0,6.95,
732,2014-01-02,0.0,6.7,
733,2014-01-03,3.6,8.6,
734,2014-01-04,10.1,7.85,
735,2014-01-05,27.6,5.85,
736,2014-01-06,0.2,6.5,
737,2014-01-07,0.0,8.1,
738,2014-01-08,0.0,8.35,
739,2014-01-09,0.0,7.55,
740,2014-01-10,0.0,4.55,
741,2014-01-11,0.2,6.8,
742,2014-01-12,0.0,6.85,
743,2014-01-13,0.0,8.1,
744,2014-01-14,20.0,6.05,
745,2014-01-15,0.8,6.65,
746,2014-01-16,0.2,5.4,
747,2014-01-17,4.0,6.65,
748,2014-01-18,0.6,9.0,
749,2014-01-19,29.3,8.4,
750,2014-01-20,,6.25,
751,2014-01-21,6.0,6.85,
752,2014-01-22,4.2,6.15,
753,2014-01-23,1.8,4.85,
754,2014-01-24,,4.5,
755,2014-01-25,0.2,3.3,
756,2014-01-26,0.0,,
757,2014-01-27,13.6,1.8,
758,2014-01-28,0.0,4.15,
759,2014-01-29,11.0,2.15,
760,2014-01-30,20.4,7.0,
761,2014-01-31,29.2,10.25,
762,2014-02-01,14.2,10.6,
763,2014-02-02,14.0,8.3,
764,2014-02-03,12.0,6.6,
765,2014-02-04,7.4,7.7,
766,2014-02-05,1.0,5.65,
767,2014-02-06,13.2,7.45,
768,2014-02-07,0.0,7.2,
769,2014-02-08,10.4,8.0,
770,2014-02-09,28.8,5.0,
771,2014-02-10,15.2,5.95,
772,2014-02-11,16.5,10.6,
773,2014-02-12,8.0,6.6,
774,2014-02-13,0.2,5.75,
775,2014-02-14,0.6,9.1,
776,2014-02-15,0.0,9.65,
777,2014-02-16,0.0,11.4,
778,2014-02-17,0.0,12.4,
779,2014-02-18,0.0,13.95,
780,2014-02-19,0.0,10.95,
781,2014-02-20,0.4,8.8,
782,2014-02-21,6.8,7.05,
783,2014-02-22,4.8,7.35,
784,2014-02-23,0.2,5.95,
785,2014-02-24,0.0,4.9,
786,2014-02-25,0.0,6.9,
787,2014-02-26,0.0,6.3,
788,2014-02-27,2.2,8.75,
789,2014-02-28,5.6,5.6,
790,2014-03-01,,2.95,
791,2014-03-02,6.4,3.55,
792,2014-03-03,0.6,5.3,
793,2014-03-04,21.2,4.3,
794,2014-03-05,0.0,6.2,
795,2014-03-06,0.0,8.4,
796,2014-03-07,0.0,9.3,
797,2014-03-08,0.0,6.75,
798,2014-03-09,0.0,8.4,
799,2014-03-10,0.0,6.25,
800,2014-03-11,0.0,5.25,
801,2014-03-12,0.0,7.6,
802,2014-03-13,0.0,10.2,
803,2014-03-14,0.0,10.4,
804,2014-03-15,0.0,10.45,
805,2014-03-16,0.0,11.2,
806,2014-03-17,0.0,13.2,
807,2014-03-18,0.0,12.25,
808,2014-03-19,0.0,10.5,
809,2014-03-20,0.0,13.75,
810,2014-03-21,0.0,13.45,
811,2014-03-22,3.4,10.05,
812,2014-03-23,7.6,7.55,
813,2014-03-24,14.8,3.0,
814,2014-03-25,2.0,5.35,
815,2014-03-26,1.6,6.05,
816,2014-03-27,13.8,6.3,
817,2014-03-28,0.4,7.9,
818,2014-03-29,0.0,11.2,
819,2014-03-30,0.0,12.0,
820,2014-03-31,0.0,11.85,
821,2014-04-01,0.0,11.4,
822,2014-04-02,0.0,11.4,
823,2014-04-03,0.0,12.95,
824,2014-04-04,,10.85,
825,2014-04-05,2.0,11.1,
826,2014-04-06,0.0,12.4,
827,2014-04-07,0.0,14.15,
828,2014-04-08,0.2,14.7,
829,2014-04-09,3.9,11.0,
830,2014-04-10,0.2,10.0,
831,2014-04-11,,12.45,
832,2014-04-12,2.4,10.65,
833,2014-04-13,1.2,12.05,
834,2014-04-14,0.0,11.65,
835,2014-04-15,25.2,8.9,
836,2014-04-16,3.4,6.25,
837,2014-04-17,2.6,6.05,
838,2014-04-18,0.0,8.1,
839,2014-04-19,13.0,7.85,
840,2014-04-20,12.6,13.05,
841,2014-04-21,0.0,14.05,
842,2014-04-22,0.4,13.45,
843,2014-04-23,4.4,12.1,
844,2014-04-24,0.0,12.35,
845,2014-04-25,0.0,14.3,
846,2014-04-26,1.6,13.3,
847,2014-04-27,,10.25,
848,2014-04-28,9.0,9.3,
849,2014-04-29,4.0,8.85,
850,2014-04-30,8.2,10.85,
851,2014-05-01,8.8,11.75,
852,2014-05-02,27.4,10.25,
853,2014-05-03,13.2,10.65,
854,2014-05-04,0.2,10.45,
855,2014-05-05,0.0,10.65,
856,2014-05-06,0.0,13.4,
857,2014-05-07,0.0,13.8,
858,2014-05-08,0.0,14.7,
859,2014-05-09,0.0,15.65,
860,2014-05-10,0.0,16.85,
861,2014-05-11,0.0,16.3,
862,2014-05-12,0.0,15.95,
863,2014-05-13,0.8,14.25,
864,2014-05-14,4.1,9.8,
865,2014-05-15,1.0,11.95,
866,2014-05-16,0.8,9.75,
867,2014-05-17,3.0,11.15,
868,2014-05-18,0.2,13.2,
869,2014-05-19,0.2,14.85,
870,2014-05-20,0.0,15.9,
871,2014-05-21,0.0,17.35,
872,2014-05-22,0.0,19.5,
873,2014-05-23,2.4,17.9,
874,2014-05-24,0.4,18.55,
875,2014-05-25,7.5,18.9,
876,2014-05-26,5.4,17.45,
877,2014-05-27,0.0,14.15,
878,2014-05-28,3.8,14.85,
879,2014-05-29,2.0,14.1,
880,2014-05-30,,14.55,
881,2014-05-31,17.6,13.35,
882,2014-06-01,0.0,12.55,
883,2014-06-02,0.0,14.5,
884,2014-06-03,0.0,15.7,
885,2014-06-04,0.2,16.7,
886,2014-06-05,0.0,17.75,
887,2014-06-06,0.0,19.35,
888,2014-06-07,0.0,21.05,
889,2014-06-08,0.0,23.0,
890,2014-06-09,0.0,22.9,
891,2014-06-10,0.0,23.25,
892,2014-06-11,12.1,23.75,
893,2014-06-12,6.7,23.5,
894,2014-06-13,15.2,22.3,
895,2014-06-14,8.4,19.3,
896,2014-06-15,10.1,17.8,
897,2014-06-16,29.4,15.55,
898,2014-06-17,3.0,17.5,
899,2014-06-18,8.9,15.75,
900,2014-06-19,31.1,15.95,
901,2014-06-20,0.0,16.25,
902,2014-06-21,0.0,18.65,
903,2014-06-22,0.0,19.7,
904,2014-06-23,0.2,21.65,
905,2014-06-24,0.0,22.25,
906,2014-06-25,9.2,19.7,
907,2014-06-26,3.2,17.85,
908,2014-06-27,3.9,18.9,
909,2014-06-28,0.2,20.65,
910,2014-06-29,0.0,20.6,
911,2014-06-30,4.9,20.3,
912,2014-07-01,0.0,20.15,
913,2014-07-02,0.0,20.1,
914,2014-07-03,0.0,21.5,
915,2014-07-04,0.0,23.6,
916,2014-07-05,0.0,22.35,
917,2014-07-06,0.0,22.2,
918,2014-07-07,0.0,22.5,
919,2014-07-08,0.0,20.8,
920,2014-07-09,0.0,17.4,
921,2014-07-10,30.0,13.25,
922,2014-07-11,3.7,15.85,
923,2014-07-12,1.8,18.15,
924,2014-07-13,1.8,16.2,
925,2014-07-14,0.0,18.05,
926,2014-07-15,0.4,18.15,
927,2014-07-16,1.8,20.7,
928,2014-07-17,15.8,21.95,
929,2014-07-18,0.2,21.4,
930,2014-07-19,0.0,22.2,
931,2014-07-20,0.0,23.7,
932,2014-07-21,7.2,19.1,
933,2014-07-22,1.6,18.3,
934,2014-07-23,0.0,18.6,
935,2014-07-24,10.4,19.95,
936,2014-07-25,0.2,20.3,
937,2014-07-26,7.2,19.7,
938,2014-07-27,10.5,19.95,
939,2014-07-28,0.0,19.25,
940,2014-07-29,0.0,20.15,
941,2014-07-30,25.3,16.15,
942,2014-07-31,0.2,17.0,
943,2014-08-01,0.6,20.25,
944,2014-08-02,0.2,21.7,
945,2014-08-03,1.0,21.9,
946,2014-08-04,0.0,22.6,
947,2014-08-05,0.0,21.95,
948,2014-08-06,0.0,21.4,
949,2014-08-07,1.0,20.5,
950,2014-08-08,1.2,21.55,
951,2014-08-09,0.2,22.7,
952,2014-08-10,0.0,23.75,
953,2014-08-11,0.0,24.35,
954,2014-08-12,0.0,23.9,
955,2014-08-13,0.0,23.85,
956,2014-08-14,0.0,20.4,
957,2014-08-15,0.0,18.2,
958,2014-08-16,0.0,18.7,
959,2014-08-17,0.0,19.2,
960,2014-08-18,0.0,19.45,
961,2014-08-19,0.0,19.85,
962,2014-08-20,0.2,21.65,
963,2014-08-21,0.0,22.9,
964,2014-08-22,0.0,22.35,
965,2014-08-23,0.0,21.7,
966,2014-08-24,0.0,19.9,
967,2014-08-25,0.0,19.7,
968,2014-08-26,0.0,20.1,
969,2014-08-27,0.0,21.3,
970,2014-08-28,0.0,23.1,
971,2014-08-29,30.7,22.9,
972,2014-08-30,1.2,22.1,
973,2014-08-31,0.4,21.7,
974,2014-09-01,29.6,15.4,
975,2014-09-02,3.0,17.7,
976,2014-09-03,13.2,16.7,
977,2014-09-04,32.5,17.35,
978,2014-09-05,,18.95,
979,2014-09-06,14.0,18.85,
980,2014-09-07,8.4,19.0,
981,2014-09-08,4.0,20.15,
982,2014-09-09,0.2,19.9,
983,2014-09-10,7.9,20.05,
984,2014-09-11,16.9,16.55,
985,2014-09-12,4.7,17.75,
986,2014-09-13,4.0,17.95,
987,2014-09-14,0.2,17.4,
988,2014-09-15,0.0,18.0,
989,2014-09-16,5.0,17.75,
990,2014-09-17,0.2,18.15,
991,2014-09-18,0.0,18.75,
992,2014-09-19,0.0,21.1,
993,2014-09-20,0.0,22.4,
994,2014-09-21,0.0,21.2,
995,2014-09-22,0.0,20.5,
996,2014-09-23,0.0,17.05,
997,2014-09-24,0.0,16.35,
998,2014-09-25,1.0,17.4,
999,2014-09-26,0.2,16.55,
1000,2014-09-27,0.0,16.45,
1001,2014-09-28,0.0,16.05,
1002,2014-09-29,0.0,16.7,
1003,2014-09-30,0.0,16.95,
1004,2014-10-01,0.0,17.45,
1005,2014-10-02,5.0,17.05,
1006,2014-10-03,0.2,16.3,
1007,2014-10-04,5.2,16.3,
1008,2014-10-05,0.2,16.15,
1009,2014-10-06,0.0,15.95,
1010,2014-10-07,0.0,16.15,
1011,2014-10-08,0.0,16.9,
1012,2014-10-09,0.0,18.45,
1013,2014-10-10,0.0,19.6,
1014,2014-10-11,0.0,19.35,
1015,2014-10-12,0.0,18.05,
1016,2014-10-13,0.0,18.95,
1017,2014-10-14,0.0,19.7,
1018,2014-10-15,0.6,20.0,
1019,2014-10-16,1.2,18.45,
1020,2014-10-17,1.0,18.1,
1021,2014-10-18,0.0,18.1,
1022,2014-10-19,0.0,19.05,
1023,2014-10-20,0.2,18.05,
1024,2014-10-21,0.0,16.65,
1025,2014-10-22,0.8,13.05,
1026,2014-10-23,0.2,7.4,
1027,2014-10-24,0.4,9.0,
1028,2014-10-25,0.0,10.95,
1029,2014-10-26,0.0,10.85,
1030,2014-10-27,0.0,9.6,
1031,2014-10-28,0.0,9.2,
1032,2014-10-29,0.0,10.95,
1033,2014-10-30,0.2,11.6,
1034,2014-10-31,0.0,11.4,
1035,2014-11-01,0.0,11.4,
1036,2014-11-02,0.0,11.55,
1037,2014-11-03,0.0,11.55,
1038,2014-11-04,,10.3,
1039,2014-11-05,,13.1,
1040,2014-11-06,28.6,14.1,
1041,2014-11-07,17.2,13.3,
1042,2014-11-08,0.0,13.3,
1043,2014-11-09,0.0,12.6,
1044,2014-11-10,0.0,13.25,
1045,2014-11-11,0.0,13.1,
1046,2014-11-12,8.8,11.9,
1047,2014-11-13,3.0,10.35,
1048,2014-11-14,0.4,11.6,
1049,2014-11-15,12.3,11.1,
1050,2014-11-16,18.2,10.8,
1051,2014-11-17,21.7,10.45,
1052,2014-11-18,10.0,9.9,
1053,2014-11-19,6.7,9.85,
1054,2014-11-20,0.0,9.2,
1055,2014-11-21,0.0,9.05,
1056,2014-11-22,0.0,10.15,
1057,2014-11-23,0.0,11.35,
1058,2014-11-24,0.0,11.65,
1059,2014-11-25,0.0,11.95,
1060,2014-11-26,1.4,10.6,
1061,2014-11-27,1.2,11.1,
1062,2014-11-28,0.0,12.85,
1063,2014-11-29,15.7,13.9,
1064,2014-11-30,0.4,15.8,
1065,2014-12-01,23.8,12.75,
1066,2014-12-02,21.8,8.3,
1067,2014-12-03,25.3,9.95,
1068,2014-12-04,12.4,9.7,
1069,2014-12-05,4.8,8.15,
1070,2014-12-06,0.8,8.6,
1071,2014-12-07,2.0,7.45,
1072,2014-12-08,0.2,7.15,
1073,2014-12-09,0.0,10.7,
1074,2014-12-10,0.0,10.7,
1075,2014-12-11,0.0,5.2,
1076,2014-12-12,0.0,6.35,
1077,2014-12-13,0.0,7.4,
1078,2014-12-14,0.0,9.2,
1079,2014-12-15,0.0,8.55,
1080,2014-12-16,21.8,7.45,
1081,2014-12-17,2.2,7.5,
1082,2014-12-18,0.0,8.4,
1083,2014-12-19,0.0,8.3,
1084,2014-12-20,0.0,13.1,
1085,2014-12-21,0.0,13.6,
1086,2014-12-22,0.0,10.9,
1087,2014-12-23,0.0,6.1,
1088,2014-12-24,0.0,4.95,
1089,2014-12-25,0.0,6.0,
1090,2014-12-26,0.0,,
1091,2014-12-27,11.7,,
1092,2014-12-28,10.2,1.95,
1093,2014-12-29,0.4,,
1094,2014-12-30,0.2,,
1095,2014-12-31,0.6,,
1096,2015-01-01,5.2,,
1097,2015-01-02,1.8,3.6,
1098,2015-01-03,0.0,6.05,
1099,2015-01-04,0.4,8.35,
1100,2015-01-05,0.0,3.0,
1101,2015-01-06,0.0,4.15,
1102,2015-01-07,0.0,,
1103,2015-01-08,0.0,5.7,
1104,2015-01-09,0.0,6.25,
1105,2015-01-10,0.0,6.8,
1106,2015-01-11,0.8,8.05,
1107,2015-01-12,0.2,5.05,
1108,2015-01-13,0.0,5.85,
1109,2015-01-14,0.0,6.55,
1110,2015-01-15,0.0,6.35,
1111,2015-01-16,0.0,7.15,
1112,2015-01-17,2.0,8.5,
1113,2015-01-18,8.8,5.9,
1114,2015-01-19,5.2,5.55,
1115,2015-01-20,12.0,5.65,
1116,2015-01-21,12.6,6.65,
1117,2015-01-22,21.2,4.65,
1118,2015-01-23,12.4,5.0,
1119,2015-01-24,0.2,6.45,
1120,2015-01-25,0.0,3.9,
1121,2015-01-26,0.0,4.3,
1122,2015-01-27,0.0,2.7,
1123,2015-01-28,0.2,2.45,
1124,2015-01-29,18.0,,
1125,2015-01-30,,2.85,
1126,2015-01-31,24.0,2.6,
1127,2015-02-01,6.8,1.85,
1128,2015-02-02,3.6,2.0,
1129,2015-02-03,15.8,2.4,
1130,2015-02-04,25.2,4.15,
1131,2015-02-05,29.4,4.7,
1132,2015-02-06,9.2,4.45,
1133,2015-02-07,5.0,2.9,
1134,2015-02-08,2.6,2.45,
1135,2015-02-09,2.4,,
1136,2015-02-10,5.2,3.15,
1137,2015-02-11,0.2,6.2,
1138,2015-02-12,0.0,5.0,
1139,2015-02-13,0.0,4.35,
1140,2015-02-14,0.0,5.35,
1141,2015-02-15,1.4,5.0,
1142,2015-02-16,0.4,7.0,
1143,2015-02-17,0.2,7.55,
1144,2015-02-18,0.0,5.45,
1145,2015-02-19,0.0,3.9,
1146,2015-02-20,0.0,5.15,
1147,2015-02-21,3.4,4.2,
1148,2015-02-22,,7.05,
1149,2015-02-23,13.3,8.15,
1150,2015-02-24,14.2,6.0,
1151,2015-02-25,19.2,4.95,
1152,2015-02-26,1.2,6.8,
1153,2015-02-27,0.0,5.75,
1154,2015-02-28,0.0,7.35,
1155,2015-03-01,0.0,6.8,
1156,2015-03-02,5.0,5.1,
1157,2015-03-03,0.2,10.6,
1158,2015-03-04,16.2,10.2,
1159,2015-03-05,25.4,3.4,
1160,2015-03-06,0.4,4.45,
1161,2015-03-07,0.0,2.95,
1162,2015-03-08,0.0,5.9,
1163,2015-03-09,0.0,6.65,
1164,2015-03-10,0.0,5.05,
1165,2015-03-11,0.0,7.5,
1166,2015-03-12,2.4,4.6,
1167,2015-03-13,0.0,5.7,255.956525
1168,2015-03-14,5.8,7.1,289.5455614
1169,2015-03-15,7.4,4.9,289.9186152
1170,2015-03-16,8.6,7.5,290.0828956
1171,2015-03-17,7.6,7.55,290.6887766
1172,2015-03-18,0.0,8.4,285.417723
1173,2015-03-19,0.0,9.75,282.2443597
1174,2015-03-20,0.0,8.7,283.4899183
1175,2015-03-21,0.0,7.95,283.9203937
1176,2015-03-22,0.8,6.55,284.3272472
1177,2015-03-23,0.0,9.15,284.5879713
1178,2015-03-24,0.0,12.15,284.1688699
1179,2015-03-25,,10.25,282.4008892
1180,2015-03-26,6.0,13.35,275.9375031
1181,2015-03-27,10.8,12.0,273.9198491
1182,2015-03-28,0.0,9.5,273.939755
1183,2015-03-29,0.0,9.6,273.6624202
1184,2015-03-30,0.0,10.6,278.0547162
1185,2015-03-31,0.0,13.35,276.8946238
1186,2015-04-01,0.0,12.05,275.0547686
1187,2015-04-02,0.0,11.0,273.9272583
1188,2015-04-03,0.0,9.45,273.877707
1189,2015-04-04,12.3,7.65,273.9227575
1190,2015-04-05,9.2,5.85,273.5561175
1191,2015-04-06,0.0,5.3,273.8512721
1192,2015-04-07,0.0,3.9,273.6301476
1193,2015-04-08,0.0,5.8,273.4032263
1194,2015-04-09,0.0,9.35,261.8903418
1195,2015-04-10,0.0,10.8,277.0050769
1196,2015-04-11,0.0,10.45,276.7164202
1197,2015-04-12,0.0,11.7,276.891222
1198,2015-04-13,0.0,13.75,276.8846717
1199,2015-04-14,0.4,14.6,274.9528374
1200,2015-04-15,0.0,15.25,273.6325181
1201,2015-04-16,0.0,14.9,273.6284511
1202,2015-04-17,0.2,14.35,273.8138785
1203,2015-04-18,0.0,12.8,273.90091
1204,2015-04-19,1.4,13.25,274.1168694
1205,2015-04-20,0.2,11.8,274.1432099
1206,2015-04-21,0.0,12.5,273.9929837
1207,2015-04-22,0.0,14.6,274.1490757
1208,2015-04-23,0.0,14.1,274.2687412
1209,2015-04-24,0.2,14.9,274.1271984
1210,2015-04-25,0.6,14.15,274.2048533
1211,2015-04-26,0.0,14.95,274.2385741
1212,2015-04-27,14.0,11.95,274.2566337
1213,2015-04-28,8.2,10.2,274.1222673
1214,2015-04-29,8.2,12.1,274.3879241
1215,2015-04-30,18.8,11.4,274.4474021
1216,2015-05-01,0.0,12.4,274.5162938
1217,2015-05-02,0.0,14.5,274.5120852
1218,2015-05-03,0.0,15.7,274.5641337
1219,2015-05-04,0.0,19.6,274.6890818
1220,2015-05-05,0.0,21.8,274.6811391
1221,2015-05-06,0.2,22.85,274.6076082
1222,2015-05-07,0.0,21.1,274.6448834
1223,2015-05-08,0.0,18.9,274.7271288
1224,2015-05-09,8.5,17.55,274.739544
1225,2015-05-10,0.0,17.6,274.8317938
1226,2015-05-11,0.0,17.6,274.695843
1227,2015-05-12,0.0,17.2,274.8093921
1228,2015-05-13,0.0,18.35,274.7552104
1229,2015-05-14,0.0,17.45,274.8586989
1230,2015-05-15,0.0,17.3,274.7366045
1231,2015-05-16,9.2,15.5,274.5748902
1232,2015-05-17,0.0,20.2,274.5263104
1233,2015-05-18,0.0,20.75,274.6188995
1234,2015-05-19,0.0,19.9,275.1666475
1235,2015-05-20,0.0,18.3,274.3945231
1236,2015-05-21,5.0,12.0,274.4671458
1237,2015-05-22,2.8,11.7,274.3421156
1238,2015-05-23,1.8,10.85,274.1636538
1239,2015-05-24,2.0,11.3,274.0833288
1240,2015-05-25,0.0,12.9,273.9533986
1241,2015-05-26,16.8,13.85,273.7992286
1242,2015-05-27,8.8,13.2,273.7222372
1243,2015-05-28,0.2,13.1,273.8666574
1244,2015-05-29,0.0,14.95,273.6717064
1245,2015-05-30,0.0,17.05,273.6753212
1246,2015-05-31,13.3,17.65,273.7554743
1247,2015-06-01,2.2,18.45,273.6683519
1248,2015-06-02,3.4,19.05,273.6685172
1249,2015-06-03,0.0,20.55,273.6884255
1250,2015-06-04,0.0,21.7,273.6998817
1251,2015-06-05,0.0,22.45,273.6648734
1252,2015-06-06,0.0,22.2,273.741792
1253,2015-06-07,0.0,21.25,273.8530483
1254,2015-06-08,2.6,20.45,273.7789352
1255,2015-06-09,1.4,19.15,
1256,2015-06-10,3.2,19.85,274.1147766
1257,2015-06-11,8.8,20.75,
1258,2015-06-12,0.0,20.85,
1259,2015-06-13,0.0,22.25,
1260,2015-06-14,0.0,20.25,
1261,2015-06-15,0.6,17.25,
1262,2015-06-16,0.8,19.65,
1263,2015-06-17,15.8,17.7,
1264,2015-06-18,0.2,16.75,274.3496109
1265,2015-06-19,21.9,18.2,273.9063992
1266,2015-06-20,,18.2,
1267,2015-06-21,2.6,17.15,
1268,2015-06-22,0.0,17.5,
1269,2015-06-23,0.0,18.5,
1270,2015-06-24,3.6,19.8,
1271,2015-06-25,0.0,19.0,
1272,2015-06-26,0.0,18.8,
1273,2015-06-27,0.0,19.3,
1274,2015-06-28,0.0,21.1,
1275,2015-06-29,0.0,21.1,
1276,2015-06-30,0.0,22.1,
1277,2015-07-01,0.0,22.45,
1278,2015-07-02,0.0,23.05,
1279,2015-07-03,0.0,25.0,
1280,2015-07-04,0.0,24.5,
1281,2015-07-05,0.0,24.4,
1282,2015-07-06,0.0,25.15,
1283,2015-07-07,1.4,,
1284,2015-07-08,0.0,24.8,
1285,2015-07-09,0.0,24.45,
1286,2015-07-10,0.0,24.45,
1287,2015-07-11,0.0,24.05,
1288,2015-07-12,0.0,24.65,
1289,2015-07-13,0.0,24.5,
1290,2015-07-14,0.0,24.75,
1291,2015-07-15,1.8,,
1292,2015-07-16,0.0,,
1293,2015-07-17,0.0,,
1294,2015-07-18,0.0,,
1295,2015-07-19,0.0,,
1296,2015-07-20,0.0,,
1297,2015-07-21,6.7,,
1298,2015-07-22,5.6,,
1299,2015-07-23,0.4,25.05,
1300,2015-07-24,4.2,23.95,
1301,2015-07-25,,22.85,
1302,2015-07-26,0.2,23.3,
1303,2015-07-27,0.0,22.0,
1304,2015-07-28,0.0,23.35,
1305,2015-07-29,0.0,23.0,
1306,2015-07-30,0.0,24.15,
1307,2015-07-31,0.0,25.4,
1308,2015-08-01,0.0,,
1309,2015-08-02,0.0,25.75,
1310,2015-08-03,9.6,25.05,
1311,2015-08-04,0.0,25.4,
1312,2015-08-05,0.0,,
1313,2015-08-06,0.0,,
1314,2015-08-07,0.8,,
1315,2015-08-08,0.0,,
1316,2015-08-09,6.2,25.55,
1317,2015-08-10,5.2,22.55,
1318,2015-08-11,22.3,20.0,
1319,2015-08-12,0.2,23.6,
1320,2015-08-13,0.0,25.4,
1321,2015-08-14,1.6,25.9,
1322,2015-08-15,0.0,22.8,
1323,2015-08-16,10.6,17.45,
1324,2015-08-17,0.2,18.5,
1325,2015-08-18,0.0,19.85,
1326,2015-08-19,12.7,18.3,
1327,2015-08-20,0.0,18.9,
1328,2015-08-21,9.0,19.1,
1329,2015-08-22,4.2,19.05,
1330,2015-08-23,0.0,19.8,
1331,2015-08-24,0.0,20.6,
1332,2015-08-25,0.0,22.4,
1333,2015-08-26,0.0,21.45,
1334,2015-08-27,0.0,23.25,
1335,2015-08-28,0.0,23.65,
1336,2015-08-29,0.0,25.25,
1337,2015-08-30,0.0,26.0,
1338,2015-08-31,0.0,25.8,
1339,2015-09-01,0.0,24.45,
1340,2015-09-02,0.0,23.25,
1341,2015-09-03,0.0,22.15,
1342,2015-09-04,2.7,21.9,
1343,2015-09-05,13.8,19.45,
1344,2015-09-06,0.0,17.6,
1345,2015-09-07,0.0,18.35,
1346,2015-09-08,0.0,18.25,
1347,2015-09-09,0.0,16.25,
1348,2015-09-10,0.0,17.65,
1349,2015-09-11,4.0,17.5,
1350,2015-09-12,0.0,18.1,
1351,2015-09-13,0.0,20.25,
1352,2015-09-14,2.2,20.4,
1353,2015-09-15,0.0,22.2,
1354,2015-09-16,0.0,23.2,
1355,2015-09-17,0.0,25.4,
1356,2015-09-18,0.0,25.95,
1357,2015-09-19,0.4,24.45,
1358,2015-09-20,1.2,19.45,
1359,2015-09-21,0.0,19.15,
1360,2015-09-22,0.0,17.35,
1361,2015-09-23,14.6,16.65,
1362,2015-09-24,1.0,15.2,
1363,2015-09-25,0.0,14.75,
1364,2015-09-26,0.0,14.45,
1365,2015-09-27,0.0,15.4,
1366,2015-09-28,0.0,14.2,
1367,2015-09-29,0.0,13.9,
1368,2015-09-30,0.0,13.95,227.6734397
1369,2015-10-01,8.2,12.95,
1370,2015-10-02,15.9,16.5,224.941935
1371,2015-10-03,0.2,16.0,
1372,2015-10-04,0.0,16.0,227.1598042
1373,2015-10-05,3.4,16.0,225.6479256
1374,2015-10-06,0.6,17.3,223.0236674
1375,2015-10-07,5.6,16.3,
1376,2015-10-08,0.0,15.4,
1377,2015-10-09,2.0,14.6,
1378,2015-10-10,,14.5,
1379,2015-10-11,18.1,10.9,
1380,2015-10-12,0.2,12.95,
1381,2015-10-13,12.8,12.65,
1382,2015-10-14,31.2,17.2,
1383,2015-10-15,9.3,12.65,
1384,2015-10-16,0.0,12.1,
1385,2015-10-17,1.6,12.6,
1386,2015-10-18,0.4,11.8,
1387,2015-10-19,15.0,15.95,
1388,2015-10-20,0.2,14.15,
1389,2015-10-21,2.2,11.8,
1390,2015-10-22,11.4,8.5,
1391,2015-10-23,0.0,10.4,
1392,2015-10-24,0.0,11.95,
1393,2015-10-25,0.0,13.25,
1394,2015-10-26,0.0,12.65,
1395,2015-10-27,0.0,14.7,
1396,2015-10-28,6.4,12.65,
1397,2015-10-29,11.6,13.15,
1398,2015-10-30,10.6,10.7,
1399,2015-10-31,0.0,12.95,
1400,2015-11-01,0.0,12.4,
1401,2015-11-02,0.0,11.75,
1402,2015-11-03,0.0,13.2,
1403,2015-11-04,0.0,13.85,
1404,2015-11-05,0.0,14.25,
1405,2015-11-06,0.0,14.2,
1406,2015-11-07,0.0,14.25,
1407,2015-11-08,0.0,15.3,
1408,2015-11-09,0.0,15.1,
1409,2015-11-10,0.0,12.1,
1410,2015-11-11,0.0,14.4,
1411,2015-11-12,0.0,9.6,
1412,2015-11-13,0.0,11.75,
1413,2015-11-14,0.0,12.1,
1414,2015-11-15,0.0,11.25,
1415,2015-11-16,0.0,12.05,
1416,2015-11-17,0.0,11.1,
1417,2015-11-18,0.0,10.8,
1418,2015-11-19,0.0,10.9,
1419,2015-11-20,1.8,9.85,
1420,2015-11-21,,9.4,
1421,2015-11-22,7.2,5.6,
1422,2015-11-23,6.0,5.9,
1423,2015-11-24,0.8,7.05,
1424,2015-11-25,0.0,6.2,
1425,2015-11-26,2.8,4.95,
1426,2015-11-27,7.2,6.5,
1427,2015-11-28,0.0,5.45,
1428,2015-11-29,0.0,5.7,
1429,2015-11-30,0.0,6.75,
1430,2015-12-01,0.0,8.9,
1431,2015-12-02,0.0,9.3,
1432,2015-12-03,0.0,8.35,
1433,2015-12-04,0.0,7.4,
1434,2015-12-05,0.0,8.2,
1435,2015-12-06,0.0,8.25,
1436,2015-12-07,0.0,9.3,
1437,2015-12-08,0.0,9.75,
1438,2015-12-09,0.0,8.8,
1439,2015-12-10,0.0,7.6,
1440,2015-12-11,0.0,5.75,
1441,2015-12-12,0.0,6.8,
1442,2015-12-13,0.0,5.85,
1443,2015-12-14,0.0,5.9,
1444,2015-12-15,0.0,6.3,
1445,2015-12-16,0.0,7.25,
1446,2015-12-17,0.0,6.65,
1447,2015-12-18,0.0,7.3,
1448,2015-12-19,0.0,7.5,
1449,2015-12-20,0.0,8.4,
1450,2015-12-21,0.0,8.15,
1451,2015-12-22,0.0,7.75,
1452,2015-12-23,0.0,8.35,
1453,2015-12-24,0.0,6.95,
1454,2015-12-25,0.0,8.15,
1455,2015-12-26,0.0,9.2,
1456,2015-12-27,0.0,9.3,
1457,2015-12-28,0.0,10.25,
1458,2015-12-29,0.0,7.0,
1459,2015-12-30,0.0,5.2,
1460,2015-12-31,0.0,3.85,
1461,2016-01-01,0.0,3.8,
1462,2016-01-02,7.4,4.6,
1463,2016-01-03,16.3,5.4,
1464,2016-01-04,13.6,4.85,
1465,2016-01-05,8.6,7.65,
1466,2016-01-06,14.0,4.4,
1467,2016-01-07,0.6,4.1,
1468,2016-01-08,1.2,8.0,
1469,2016-01-09,0.2,11.25,
1470,2016-01-10,9.6,10.85,
1471,2016-01-11,8.1,9.75,
1472,2016-01-12,5.1,7.3,
1473,2016-01-13,3.6,5.45,
1474,2016-01-14,17.6,3.1,
1475,2016-01-15,26.8,5.9,
1476,2016-01-16,0.0,3.4,
1477,2016-01-17,0.0,,
1478,2016-01-18,0.0,,
1479,2016-01-19,0.0,,
1480,2016-01-20,0.0,,
1481,2016-01-21,6.2,5.0,
1482,2016-01-22,0.0,3.7,
1483,2016-01-23,0.0,2.9,
1484,2016-01-24,0.0,5.0,
1485,2016-01-25,0.0,5.6,
1486,2016-01-26,0.0,7.05,
1487,2016-01-27,0.0,6.85,
1488,2016-01-28,0.0,8.1,
1489,2016-01-29,0.0,8.1,
1490,2016-01-30,0.0,7.8,
1491,2016-01-31,0.8,7.3,
1492,2016-02-01,16.0,9.5,
1493,2016-02-02,0.2,9.3,
1494,2016-02-03,2.8,8.3,
1495,2016-02-04,1.2,4.9,
1496,2016-02-05,0.0,5.05,
1497,2016-02-06,0.0,6.15,
1498,2016-02-07,0.2,5.0,
1499,2016-02-08,3.8,7.6,
1500,2016-02-09,6.8,8.35,
1501,2016-02-10,9.2,5.5,
1502,2016-02-11,6.6,4.9,
1503,2016-02-12,10.6,5.45,
1504,2016-02-13,20.8,9.3,
1505,2016-02-14,,8.0,
1506,2016-02-15,16.6,9.3,
1507,2016-02-16,1.2,12.75,
1508,2016-02-17,0.0,10.05,
1509,2016-02-18,0.8,6.4,
1510,2016-02-19,0.8,5.55,
1511,2016-02-20,0.4,6.0,
1512,2016-02-21,0.0,7.15,
1513,2016-02-22,0.0,9.25,
1514,2016-02-23,0.0,10.35,
1515,2016-02-24,0.0,9.45,
1516,2016-02-25,6.4,8.45,
1517,2016-02-26,13.8,7.5,
1518,2016-02-27,16.2,6.9,
1519,2016-02-28,25.7,11.85,
1520,2016-02-29,,6.05,
1521,2016-03-01,0.0,6.95,
1522,2016-03-02,0.0,7.15,
1523,2016-03-03,17.2,3.4,
1524,2016-03-04,0.2,4.6,
1525,2016-03-05,13.9,4.6,
1526,2016-03-06,0.4,7.05,
1527,2016-03-07,5.6,3.25,
1528,2016-03-08,1.6,4.25,
1529,2016-03-09,8.2,2.5,
1530,2016-03-10,4.8,3.55,
1531,2016-03-11,0.0,6.95,
1532,2016-03-12,0.2,8.55,
1533,2016-03-13,0.0,7.85,
1534,2016-03-14,0.0,8.1,
1535,2016-03-15,2.0,4.65,
1536,2016-03-16,0.0,5.8,
1537,2016-03-17,3.8,8.5,
1538,2016-03-18,0.4,8.55,
1539,2016-03-19,1.4,8.85,
1540,2016-03-20,0.0,9.2,
1541,2016-03-21,0.2,12.0,
1542,2016-03-22,1.4,14.6,
1543,2016-03-23,4.2,10.2,
1544,2016-03-24,0.2,5.3,
1545,2016-03-25,0.0,6.55,
1546,2016-03-26,0.0,8.05,
1547,2016-03-27,0.0,9.3,
1548,2016-03-28,1.6,8.2,
1549,2016-03-29,0.0,10.8,
1550,2016-03-30,0.0,12.6,
1551,2016-03-31,0.0,14.9,
1552,2016-04-01,18.0,17.2,
1553,2016-04-02,0.0,17.2,
1554,2016-04-03,0.0,15.05,
1555,2016-04-04,0.0,16.6,
1556,2016-04-05,0.0,17.3,
1557,2016-04-06,0.0,18.75,
1558,2016-04-07,0.8,17.3,
1559,2016-04-08,1.2,12.9,
1560,2016-04-09,12.8,9.3,
1561,2016-04-10,0.6,10.6,
1562,2016-04-11,0.0,11.75,
1563,2016-04-12,0.0,14.05,
1564,2016-04-13,0.0,17.1,221.1757507
1565,2016-04-14,0.0,14.5,221.1757507
1566,2016-04-15,0.0,13.0,221.1757507
1567,2016-04-16,0.0,14.6,
1568,2016-04-17,0.0,18.0,
1569,2016-04-18,0.0,18.25,
1570,2016-04-19,0.0,14.55,221.1757507
1571,2016-04-20,0.0,14.5,221.1757507
1572,2016-04-21,0.0,14.05,221.1757507
1573,2016-04-22,0.0,12.6,221.1757507
1574,2016-04-23,25.8,11.05,240.5792804
1575,2016-04-24,32.5,9.3,275.6702681
1576,2016-04-25,15.0,4.0,275.9887048
1577,2016-04-26,2.2,5.6,276.6314134
1578,2016-04-27,2.8,10.7,276.1204195
1579,2016-04-28,0.0,11.0,276.0351943
1580,2016-04-29,0.2,13.7,275.9849944
1581,2016-04-30,1.4,14.05,276.2298441
1582,2016-05-01,6.0,11.15,276.9418741
1583,2016-05-02,7.8,7.6,277.0451587
1584,2016-05-03,0.2,12.95,275.6731375
1585,2016-05-04,0.0,12.35,275.6340509
1586,2016-05-05,0.6,12.45,275.8300855
1587,2016-05-06,4.0,12.1,275.6085185
1588,2016-05-07,5.4,14.3,275.6911855
1589,2016-05-08,0.0,15.15,275.879104
1590,2016-05-09,0.0,15.7,276.1018298
1591,2016-05-10,0.0,18.05,275.9746119
1592,2016-05-11,2.6,18.05,276.0763945
1593,2016-05-12,13.3,14.75,276.1332902
1594,2016-05-13,8.4,13.3,275.9379399
1595,2016-05-14,14.5,10.6,275.994158
1596,2016-05-15,31.9,13.45,276.2410629
1597,2016-05-16,6.4,13.25,276.6321392
1598,2016-05-17,15.1,9.8,276.5574008
1599,2016-05-18,0.2,12.2,276.3624376
1600,2016-05-19,6.6,11.75,276.5078096
1601,2016-05-20,2.6,10.65,276.4787982
1602,2016-05-21,0.0,17.0,276.5038126
1603,2016-05-22,0.0,16.9,276.6522585
1604,2016-05-23,0.0,15.0,276.63242
1605,2016-05-24,0.6,12.8,278.547754
1606,2016-05-25,0.0,14.8,276.8979097
1607,2016-05-26,0.0,16.9,276.9522639
1608,2016-05-27,0.0,20.05,275.7262533
1609,2016-05-28,0.0,21.35,277.126833
1610,2016-05-29,0.0,19.8,277.2510121
1611,2016-05-30,0.0,15.95,277.3687139
1612,2016-05-31,0.0,15.75,277.1448223
1613,2016-06-01,0.0,13.85,277.1255654
1614,2016-06-02,7.2,14.05,277.045497
1615,2016-06-03,3.6,15.95,276.8969536
1616,2016-06-04,13.3,16.4,277.0327085
1617,2016-06-05,1.8,17.0,276.9569736
1618,2016-06-06,4.6,17.85,276.9506957
1619,2016-06-07,2.2,16.8,277.0819815
1620,2016-06-08,3.2,18.5,276.9707063
1621,2016-06-09,9.1,16.75,277.1542318
1622,2016-06-10,1.0,17.3,274.7996841
1623,2016-06-11,0.0,17.75,277.145346
1624,2016-06-12,9.2,16.9,277.4690453
1625,2016-06-13,16.2,15.3,276.8425041
1626,2016-06-14,0.0,17.75,276.8709918
1627,2016-06-15,0.0,17.55,
1628,2016-06-16,0.0,20.1,277.1059204
1629,2016-06-17,0.0,20.05,276.9935108
1630,2016-06-18,0.0,19.25,277.0724309
1631,2016-06-19,12.0,16.6,276.9428153
1632,2016-06-20,0.2,15.6,277.1127232
1633,2016-06-21,0.0,18.45,276.9925734
1634,2016-06-22,0.0,21.25,276.9951204
1635,2016-06-23,2.8,22.95,277.0363684
1636,2016-06-24,0.0,25.25,276.9091559
1637,2016-06-25,0.0,25.1,276.8998325
1638,2016-06-26,0.0,23.95,276.8635076
1639,2016-06-27,0.0,20.75,277.1755239
1640,2016-06-28,0.0,20.4,277.018555
1641,2016-06-29,0.0,21.15,276.998983
1642,2016-06-30,6.8,22.35,276.9656608
1643,2016-07-01,4.6,22.95,277.0872416
1644,2016-07-02,0.0,23.75,277.2163325
1645,2016-07-03,0.0,23.7,277.2061131
1646,2016-07-04,0.0,24.05,277.033899
1647,2016-07-05,1.4,23.7,277.2789493
1648,2016-07-06,15.0,22.1,277.3454921
1649,2016-07-07,0.0,23.0,277.3437279
1650,2016-07-08,0.0,24.45,277.550972
1651,2016-07-09,0.0,23.95,277.9865694
1652,2016-07-10,15.1,24.25,278.5814214
1653,2016-07-11,0.0,24.5,279.9468057
1654,2016-07-12,0.0,26.0,281.6963671
1655,2016-07-13,0.0,24.85,282.0539736
1656,2016-07-14,0.0,20.55,282.3564243
1657,2016-07-15,0.6,16.4,282.8225756
1658,2016-07-16,0.0,15.9,283.0484409
1659,2016-07-17,0.0,17.6,283.6464433
1660,2016-07-18,0.0,21.3,283.7988291
1661,2016-07-19,0.0,23.6,284.4340034
1662,2016-07-20,0.0,24.9,284.8536861
1663,2016-07-21,0.0,25.0,285.256622
1664,2016-07-22,0.0,23.95,286.0645311
1665,2016-07-23,0.0,25.8,286.4610258
1666,2016-07-24,8.4,19.45,286.9831089
1667,2016-07-25,8.4,21.5,286.8368228
1668,2016-07-26,0.2,21.25,286.7390719
1669,2016-07-27,16.3,22.8,287.2794151
1670,2016-07-28,0.6,23.4,287.6775332
1671,2016-07-29,0.0,22.6,288.6508026
1672,2016-07-30,0.0,23.7,289.1457136
1673,2016-07-31,0.0,24.6,289.4631069
1674,2016-08-01,0.0,22.9,289.0679475
1675,2016-08-02,12.7,23.0,291.4645194
1676,2016-08-03,0.0,23.0,291.8707007
1677,2016-08-04,0.0,24.0,291.8392389
1678,2016-08-05,0.0,23.65,292.9908446
1679,2016-08-06,11.7,18.25,293.8918701
1680,2016-08-07,0.0,20.25,294.4546586
1681,2016-08-08,0.2,21.2,294.5351649
1682,2016-08-09,0.0,22.2,294.6945291
1683,2016-08-10,0.0,21.8,295.1120512
1684,2016-08-11,0.2,20.9,294.946034
1685,2016-08-12,0.0,18.25,295.0102957
1686,2016-08-13,0.0,18.8,294.8348528
1687,2016-08-14,0.0,20.95,295.064108
1688,2016-08-15,0.0,22.45,295.2427033
1689,2016-08-16,0.0,23.1,295.2630961
1690,2016-08-17,2.6,21.05,295.326775
1691,2016-08-18,1.8,20.85,295.2713698
1692,2016-08-19,0.0,21.1,294.7677332
1693,2016-08-20,0.0,22.95,295.0479089
1694,2016-08-21,0.0,23.8,295.1718293
1695,2016-08-22,0.0,21.25,295.3256178
1696,2016-08-23,0.0,19.65,295.1319468
1697,2016-08-24,0.0,21.05,295.0209237
1698,2016-08-25,0.0,21.85,294.6188372
1699,2016-08-26,0.0,23.85,294.8244902
1700,2016-08-27,0.0,24.15,294.6446884
1701,2016-08-28,0.0,23.6,294.7649894
1702,2016-08-29,0.0,22.85,294.8557078
1703,2016-08-30,1.6,23.1,294.8770817
1704,2016-08-31,1.0,20.75,292.2424907
1705,2016-09-01,0.4,21.15,294.6554726
1706,2016-09-02,0.0,22.8,294.5999651
1707,2016-09-03,0.0,23.95,294.604008
1708,2016-09-04,17.5,22.7,294.6496661
1709,2016-09-05,1.6,19.95,294.4624094
1710,2016-09-06,0.0,16.9,294.0303572
1711,2016-09-07,30.1,15.25,294.2023417
1712,2016-09-08,0.2,16.95,294.2041201
1713,2016-09-09,2.4,19.3,293.2369257
1714,2016-09-10,5.2,17.15,294.0538615
1715,2016-09-11,3.0,18.35,295.5932285
1716,2016-09-12,0.0,19.05,
1717,2016-09-13,2.4,19.95,296.099689
1718,2016-09-14,1.4,20.3,293.5109205
1719,2016-09-15,0.0,19.2,294.4812448
1720,2016-09-16,25.5,19.4,290.7872657
1721,2016-09-17,1.2,16.95,283.4181
1722,2016-09-18,12.4,14.2,281.50078
1723,2016-09-19,5.9,13.85,281.3974709
1724,2016-09-20,0.0,17.15,293.8517211
1725,2016-09-21,1.4,16.2,
1726,2016-09-22,4.2,16.55,
1727,2016-09-23,0.0,15.8,
1728,2016-09-24,0.0,16.15,
1729,2016-09-25,0.0,16.7,
1730,2016-09-26,0.0,16.85,292.8889152
1731,2016-09-27,0.0,15.75,286.819351
1732,2016-09-28,0.0,16.25,284.3148841
1733,2016-09-29,0.0,16.55,279.3377616
1734,2016-09-30,0.0,16.2,274.1090697
1735,2016-10-01,0.0,16.55,269.0900348
1736,2016-10-02,30.0,14.9,266.936223
1737,2016-10-03,0.2,15.85,266.3381576
1738,2016-10-04,5.2,15.3,268.188346
1739,2016-10-05,2.6,13.65,268.7119371
1740,2016-10-06,4.8,12.55,268.2069447
1741,2016-10-07,21.6,12.15,268.0044138
1742,2016-10-08,4.2,12.8,270.4436784
1743,2016-10-09,2.6,14.6,273.7954125
1744,2016-10-10,1.0,14.05,275.1130855
1745,2016-10-11,9.3,11.25,291.8201791
1746,2016-10-12,0.0,10.05,295.7178528
1747,2016-10-13,0.0,11.45,293.8203305
1748,2016-10-14,0.0,20.15,293.9163627
1749,2016-10-15,15.5,17.6,294.0005338
1750,2016-10-16,0.0,16.1,294.3756763
1751,2016-10-17,0.0,15.7,294.5310809
1752,2016-10-18,3.2,12.15,294.782203
1753,2016-10-19,0.2,12.65,294.8405651
1754,2016-10-20,2.4,13.0,294.9407111
1755,2016-10-21,3.6,13.35,294.4893531
1756,2016-10-22,0.0,12.2,294.4864549
1757,2016-10-23,0.4,13.8,294.4642793
1758,2016-10-24,0.0,17.85,294.5531709
1759,2016-10-25,0.0,18.7,294.5955628
1760,2016-10-26,3.8,17.25,294.5312681
1761,2016-10-27,22.2,11.45,294.6022972
1762,2016-10-28,0.0,11.5,294.5021826
1763,2016-10-29,0.0,12.05,294.6166362
1764,2016-10-30,0.0,13.8,294.6042657
1765,2016-10-31,0.0,12.75,294.6192841
1766,2016-11-01,0.0,11.35,294.7167377
1767,2016-11-02,0.0,11.55,294.679629
1768,2016-11-03,7.6,12.4,295.7556422
1769,2016-11-04,0.0,12.75,296.6075439
1770,2016-11-05,0.2,11.6,296.6075439
1771,2016-11-06,,13.0,296.6075439
1772,2016-11-07,1.2,9.55,296.6075439
1773,2016-11-08,20.6,8.35,
1774,2016-11-09,3.0,7.3,
1775,2016-11-10,1.8,7.55,
1776,2016-11-11,24.4,7.3,296.6075439
1777,2016-11-12,0.4,5.2,296.6075439
1778,2016-11-13,0.0,5.95,296.6075439
1779,2016-11-14,0.4,7.25,296.6075439
1780,2016-11-15,0.0,7.75,296.6075439
1781,2016-11-16,0.0,6.75,296.6075439
1782,2016-11-17,1.0,9.45,296.6075439
1783,2016-11-18,0.2,13.45,296.6075439
1784,2016-11-19,18.7,11.3,296.6075439
1785,2016-11-20,0.0,13.3,296.6075439
1786,2016-11-21,0.0,12.7,296.6075439
1787,2016-11-22,0.0,13.2,296.6075439
1788,2016-11-23,0.0,13.2,296.6075439
1789,2016-11-24,0.2,13.0,296.6075439
1790,2016-11-25,,10.45,296.6075439
1791,2016-11-26,0.2,9.8,296.6075439
1792,2016-11-27,0.0,9.55,296.6075439
1793,2016-11-28,0.0,9.0,296.6075439
1794,2016-11-29,0.0,2.1,296.6075439
1795,2016-11-30,0.0,3.25,296.6075439
1796,2016-12-01,0.0,5.1,296.6075439
1797,2016-12-02,0.0,5.5,296.6075439
1798,2016-12-03,0.0,6.8,296.6075439
1799,2016-12-04,0.0,9.3,296.6075439
1800,2016-12-05,0.0,8.6,296.6075439
1801,2016-12-06,0.0,7.5,296.6075439
1802,2016-12-07,0.0,8.05,296.6075439
1803,2016-12-08,0.0,7.15,296.6075439
1804,2016-12-09,0.0,8.3,296.6075439
1805,2016-12-10,0.0,8.2,296.6075439
1806,2016-12-11,0.0,6.35,296.6075439
1807,2016-12-12,0.0,8.75,296.6075439
1808,2016-12-13,0.0,6.05,296.6075439
1809,2016-12-14,0.0,5.8,296.6075439
1810,2016-12-15,0.0,6.85,296.6075439
1811,2016-12-16,0.0,5.55,296.6075439
1812,2016-12-17,0.0,4.35,296.6075439
1813,2016-12-18,0.0,3.6,296.6075439
1814,2016-12-19,5.0,3.6,296.6075439
1815,2016-12-20,2.0,8.2,296.6075439
1816,2016-12-21,0.0,9.1,296.6075439
1817,2016-12-22,0.0,6.95,296.6075439
1818,2016-12-23,0.0,8.65,296.6075439
1819,2016-12-24,0.0,9.2,296.6075439
1820,2016-12-25,0.0,6.4,296.6075439
1821,2016-12-26,0.0,10.25,296.6075439
1822,2016-12-27,0.0,8.9,296.6075439
1823,2016-12-28,0.0,7.3,296.6075439
1824,2016-12-29,0.0,2.15,296.6075439
1825,2016-12-30,0.0,,296.6075439
1826,2016-12-31,0.0,2.5,296.6075439
1827,2017-01-01,0.0,3.35,296.6075439
1828,2017-01-02,0.0,3.7,296.6075439
1829,2017-01-03,15.0,4.2,296.6075439
1830,2017-01-04,0.0,4.35,296.6075439
1831,2017-01-05,6.8,1.9,296.6075439
1832,2017-01-06,0.0,,296.6075439
1833,2017-01-07,2.2,,296.6075439
1834,2017-01-08,2.0,,296.6075439
1835,2017-01-09,1.4,,296.6075439
1836,2017-01-10,0.0,,296.6075439
1837,2017-01-11,0.0,,296.6075439
1838,2017-01-12,5.8,,296.6075439
1839,2017-01-13,28.6,3.1,296.6075439
1840,2017-01-14,0.8,,296.6075439
1841,2017-01-15,0.0,,296.6075439
1842,2017-01-16,0.0,2.45,296.6075439
1843,2017-01-17,4.4,2.25,296.6075439
1844,2017-01-18,10.0,2.45,296.6075439
1845,2017-01-19,0.0,3.7,296.6075439
1846,2017-01-20,0.0,3.9,296.6075439
1847,2017-01-21,0.0,5.15,296.6075439
1848,2017-01-22,0.0,7.15,296.6075439
1849,2017-01-23,2.8,6.65,296.6075439
1850,2017-01-24,0.8,4.8,296.6075439
1851,2017-01-25,0.0,6.1,296.6075439
1852,2017-01-26,0.0,3.3,296.6075439
1853,2017-01-27,0.0,4.25,296.6075439
1854,2017-01-28,0.0,5.35,296.6075439
1855,2017-01-29,0.0,4.4,296.6075439
1856,2017-01-30,0.0,4.55,296.6075439
1857,2017-01-31,0.0,5.8,296.6075439
1858,2017-02-01,1.4,6.8,296.6075439
1859,2017-02-02,0.0,7.05,296.6075439
1860,2017-02-03,2.0,8.4,296.6075439
1861,2017-02-04,5.0,9.15,296.6075439
1862,2017-02-05,15.8,8.55,296.6075439
1863,2017-02-06,30.0,5.9,296.6075439
1864,2017-02-07,3.6,6.35,296.6075439
1865,2017-02-08,0.2,6.85,296.6075439
1866,2017-02-09,1.2,5.55,296.6075439
1867,2017-02-10,2.6,8.05,296.6075439
1868,2017-02-11,0.0,7.85,296.6075439
1869,2017-02-12,0.0,8.15,296.6075439
1870,2017-02-13,0.0,8.15,296.6075439
1871,2017-02-14,0.0,7.1,296.6075439
1872,2017-02-15,0.0,6.95,296.6075439
1873,2017-02-16,0.0,8.1,296.6075439
1874,2017-02-17,0.0,7.1,296.6075439
1875,2017-02-18,6.4,4.95,296.6075439
1876,2017-02-19,0.0,5.1,296.6075439
1877,2017-02-20,0.0,5.3,
1878,2017-02-21,0.0,5.5,294.6357144
1879,2017-02-22,0.0,6.85,293.9973594
1880,2017-02-23,0.0,8.35,294.4337821
1881,2017-02-24,3.8,8.0,294.8220141
1882,2017-02-25,2.8,9.05,294.553379
1883,2017-02-26,0.0,9.55,292.2914823
1884,2017-02-27,0.0,9.8,291.2113498
1885,2017-02-28,0.6,8.4,291.1961533
1886,2017-03-01,2.0,8.8,288.6040936
1887,2017-03-02,0.0,8.85,289.8963593
1888,2017-03-03,0.0,9.55,288.7451165
1889,2017-03-04,2.2,10.0,288.6375582
1890,2017-03-05,25.7,5.85,288.6189608
1891,2017-03-06,23.2,8.85,288.0262688
1892,2017-03-07,10.8,5.6,287.5579163
1893,2017-03-08,0.0,8.4,286.4191484
1894,2017-03-09,0.0,10.55,286.6520425
1895,2017-03-10,1.4,10.85,287.2223413
1896,2017-03-11,0.2,7.35,286.7405164
1897,2017-03-12,0.0,6.8,286.399731
1898,2017-03-13,0.0,8.7,286.5646176
1899,2017-03-14,0.0,8.65,286.721999
1900,2017-03-15,0.0,8.25,286.8243296
1901,2017-03-16,0.0,9.65,286.9755518
1902,2017-03-17,0.0,11.5,287.7310898
1903,2017-03-18,0.0,10.1,288.4987318
1904,2017-03-19,0.0,10.3,288.6876497
1905,2017-03-20,0.0,12.95,288.0903892
1906,2017-03-21,0.0,13.05,287.5985477
1907,2017-03-22,0.0,13.5,287.1178523
1908,2017-03-23,0.0,13.1,287.096405
1909,2017-03-24,0.0,14.65,287.2597449
1910,2017-03-25,0.0,15.5,287.2629576
1911,2017-03-26,2.4,12.05,287.231903
1912,2017-03-27,8.2,7.35,228.3064201
1913,2017-03-28,0.0,8.55,286.7941969
1914,2017-03-29,0.0,11.55,286.2979825
1915,2017-03-30,0.0,14.65,284.8807108
1916,2017-03-31,0.0,15.2,286.3353148
1917,2017-04-01,0.0,13.6,286.4176215
1918,2017-04-02,5.2,11.45,286.4550274
1919,2017-04-03,12.0,9.55,285.9679685
1920,2017-04-04,2.4,11.6,286.0038407
1921,2017-04-05,14.5,11.75,286.3253924
1922,2017-04-06,12.4,10.7,286.4090661
1923,2017-04-07,0.0,10.55,286.4779599
1924,2017-04-08,0.0,12.9,
1925,2017-04-09,0.0,14.3,
1926,2017-04-10,0.0,14.85,
1927,2017-04-11,5.6,14.25,286.7788145
1928,2017-04-12,0.6,13.95,286.5581728
1929,2017-04-13,0.2,13.75,286.7820897
1930,2017-04-14,0.0,13.55,286.9291191
1931,2017-04-15,0.0,13.25,287.0298257
1932,2017-04-16,2.0,13.95,287.1842157
1933,2017-04-17,1.0,13.45,286.9272408
1934,2017-04-18,3.0,9.95,286.5719101
1935,2017-04-19,1.4,4.75,286.3109447
1936,2017-04-20,0.0,4.55,286.2038549
1937,2017-04-21,0.0,5.1,286.4562949
1938,2017-04-22,0.0,7.55,286.5600502
1939,2017-04-23,0.0,10.7,284.8843918
1940,2017-04-24,0.0,11.1,285.1916656
1941,2017-04-25,0.0,12.1,285.1545672
1942,2017-04-26,0.0,12.55,285.7000854
1943,2017-04-27,10.4,12.75,285.1102184
1944,2017-04-28,,9.45,284.6511823
1945,2017-04-29,2.4,11.6,284.4912565
1946,2017-04-30,0.0,11.7,284.5599713
1947,2017-05-01,0.0,11.95,284.6909107
1948,2017-05-02,0.0,13.6,284.4700232
1949,2017-05-03,3.4,13.25,284.4801366
1950,2017-05-04,0.0,13.75,284.8436189
1951,2017-05-05,0.4,15.4,284.7121872
1952,2017-05-06,0.8,14.55,283.6812059
1953,2017-05-07,1.6,12.6,284.9365926
1954,2017-05-08,,11.85,284.8356846
1955,2017-05-09,25.7,11.55,284.7405973
1956,2017-05-10,0.0,13.65,284.1667391
1957,2017-05-11,0.2,16.85,282.0025983
1958,2017-05-12,0.2,19.05,282.0004384
1959,2017-05-13,0.0,17.35,282.2620847
1960,2017-05-14,0.0,16.7,283.2068881
1961,2017-05-15,16.4,17.1,283.1913106
1962,2017-05-16,0.0,16.3,281.3795277
1963,2017-05-17,0.0,17.6,284.6136579
1964,2017-05-18,0.0,17.95,286.807341
1965,2017-05-19,0.0,18.15,282.6753369
1966,2017-05-20,15.3,14.15,283.5875968
1967,2017-05-21,0.2,12.25,285.533332
1968,2017-05-22,0.0,16.4,286.385509
1969,2017-05-23,32.4,17.4,286.6528776
1970,2017-05-24,0.2,17.5,286.4237583
1971,2017-05-25,4.0,16.2,286.626628
1972,2017-05-26,0.0,15.2,285.6512042
1973,2017-05-27,0.0,16.35,286.6524543
1974,2017-05-28,0.0,18.35,287.0288509
1975,2017-05-29,0.0,18.15,286.0659397
1976,2017-05-30,0.0,19.1,286.8284478
1977,2017-05-31,0.0,19.75,286.9017084
1978,2017-06-01,0.0,19.95,286.8994982
1979,2017-06-02,0.0,19.05,286.8279301
1980,2017-06-03,0.0,19.6,286.9073408
1981,2017-06-04,0.0,20.35,286.8792179
1982,2017-06-05,0.0,20.95,286.2812319
1983,2017-06-06,2.0,18.3,285.5820478
1984,2017-06-07,0.0,18.45,286.3643435
1985,2017-06-08,0.0,19.65,286.8675473
1986,2017-06-09,0.0,20.15,286.3751004
1987,2017-06-10,0.4,21.2,286.3869403
1988,2017-06-11,0.0,21.2,286.292739
1989,2017-06-12,0.0,20.85,285.3902438
1990,2017-06-13,0.0,22.8,285.6013106
1991,2017-06-14,0.0,23.05,287.1723989
1992,2017-06-15,0.0,23.45,287.7770801
1993,2017-06-16,0.0,23.4,288.3820554
1994,2017-06-17,19.6,22.05,289.0467915
1995,2017-06-18,0.0,18.95,286.2061508
1996,2017-06-19,0.0,19.6,289.3061664
1997,2017-06-20,0.0,21.9,289.9236996
1998,2017-06-21,0.0,22.4,290.5236353
1999,2017-06-22,15.2,23.3,290.9879992
2000,2017-06-23,0.0,23.1,291.287717
2001,2017-06-24,0.0,23.2,291.6549225
2002,2017-06-25,0.0,23.85,292.2848459
2003,2017-06-26,1.6,23.6,292.9121432
2004,2017-06-27,0.0,24.4,293.5574946
2005,2017-06-28,0.6,23.1,292.9867285
2006,2017-06-29,0.4,22.2,294.439253
2007,2017-06-30,0.0,22.1,293.4865359
2008,2017-07-01,0.4,19.6,295.2287558
2009,2017-07-02,11.0,19.1,294.3056068
2010,2017-07-03,0.0,19.1,294.4049237
2011,2017-07-04,0.0,21.85,295.6234193
2012,2017-07-05,0.0,24.3,295.7802416
2013,2017-07-06,0.0,25.2,295.7118199
2014,2017-07-07,0.0,25.9,295.8198748
2015,2017-07-08,0.0,25.85,294.5402742
2016,2017-07-09,0.0,,294.6120884
2017,2017-07-10,0.0,,295.4342903
2018,2017-07-11,0.0,25.55,293.061802
2019,2017-07-12,0.0,26.0,295.5889382
2020,2017-07-13,0.0,26.0,295.6714632
2021,2017-07-14,31.0,23.85,295.5815736
2022,2017-07-15,24.4,21.65,295.654385
2023,2017-07-16,0.2,19.35,294.8660635
2024,2017-07-17,0.0,20.2,295.3509172
2025,2017-07-18,0.0,21.55,295.5021917
2026,2017-07-19,0.0,23.05,295.5510162
2027,2017-07-20,0.0,23.4,295.4842514
2028,2017-07-21,0.0,25.3,294.6025575
2029,2017-07-22,0.0,24.9,282.3087938
2030,2017-07-23,0.0,24.8,295.507095
2031,2017-07-24,0.0,23.95,295.5224008
2032,2017-07-25,6.6,20.25,295.4739713
2033,2017-07-26,1.2,19.15,295.4049869
2034,2017-07-27,0.0,19.95,295.4620642
2035,2017-07-28,0.0,21.65,295.6943411
2036,2017-07-29,0.0,23.0,295.2042661
2037,2017-07-30,0.0,25.2,295.2317944
2038,2017-07-31,0.2,,295.2068845
2039,2017-08-01,0.0,,295.1331078
2040,2017-08-02,0.0,,293.9302794
2041,2017-08-03,0.0,,290.9154834
2042,2017-08-04,0.0,,283.0075508
2043,2017-08-05,0.0,,279.5458599
2044,2017-08-06,0.0,,279.8957451
2045,2017-08-07,0.0,,279.7595772
2046,2017-08-08,0.0,,277.8994841
2047,2017-08-09,0.0,,277.0360834
2048,2017-08-10,0.0,,274.3462127
2049,2017-08-11,0.0,21.55,267.7377837
2050,2017-08-12,13.8,18.3,264.2501785
2051,2017-08-13,0.0,20.5,262.9659385
2052,2017-08-14,0.0,22.3,258.2781131
2053,2017-08-15,0.0,24.45,253.5163356
2054,2017-08-16,0.0,25.5,250.2996651
2055,2017-08-17,0.0,,243.9294081
2056,2017-08-18,0.0,,238.4788856
2057,2017-08-19,0.0,,236.29466
2058,2017-08-20,0.0,24.05,235.6796515
2059,2017-08-21,0.0,22.1,232.925275
2060,2017-08-22,0.0,20.5,229.5237129
2061,2017-08-23,0.0,21.85,226.5963731
2062,2017-08-24,0.0,24.05,224.7165013
2063,2017-08-25,0.0,25.6,221.4396477
2064,2017-08-26,0.0,,218.5505516
2065,2017-08-27,0.0,,216.0797671
2066,2017-08-28,0.0,,214.7309782
2067,2017-08-29,0.0,25.55,214.7884687
2068,2017-08-30,0.0,23.6,215.1568446
2069,2017-08-31,0.0,24.95,215.0094137
2070,2017-09-01,14.3,22.4,213.8891335
2071,2017-09-02,1.6,17.4,213.1538985
2072,2017-09-03,4.4,14.75,212.3904338
2073,2017-09-04,0.0,17.05,211.4447939
2074,2017-09-05,0.0,18.9,210.179778
2075,2017-09-06,0.0,19.7,208.0344701
2076,2017-09-07,0.0,19.05,205.6504871
2077,2017-09-08,0.0,18.9,
2078,2017-09-09,0.0,18.9,
2079,2017-09-10,,18.4,
2080,2017-09-11,,15.1,
2081,2017-09-12,0.4,17.4,226.2879877
2082,2017-09-13,0.0,16.7,226.6333135
2083,2017-09-14,0.0,16.3,277.0259161
2084,2017-09-15,0.0,18.85,295.1912375
2085,2017-09-16,18.5,18.6,295.3685273
2086,2017-09-17,6.1,16.15,295.4254199
2087,2017-09-18,0.0,14.7,295.3121914
2088,2017-09-19,6.8,15.1,295.2307668
2089,2017-09-20,0.0,12.3,294.7356512
2090,2017-09-21,0.0,13.3,295.4362748
2091,2017-09-22,0.0,14.75,295.4287785
2092,2017-09-23,0.0,15.55,295.4936659
2093,2017-09-24,0.0,15.1,295.6846599
2094,2017-09-25,10.9,15.55,
2095,2017-09-26,0.2,14.7,
2096,2017-09-27,0.0,16.1,293.180223
2097,2017-09-28,0.0,16.25,283.4949026
2098,2017-09-29,0.0,15.75,276.621375
2099,2017-09-30,0.0,14.7,272.0087977
2100,2017-10-01,0.4,15.3,268.876855
2101,2017-10-02,3.8,16.4,267.9028469
2102,2017-10-03,0.0,15.75,260.1447579
2103,2017-10-04,0.0,17.65,253.2624411
2104,2017-10-05,0.0,17.5,247.0525727
2105,2017-10-06,1.6,15.05,241.5658211
2106,2017-10-07,0.2,10.25,238.459451
2107,2017-10-08,0.0,10.8,238.1181244
2108,2017-10-09,0.0,13.15,236.1307907
2109,2017-10-10,8.6,15.45,233.2128962
2110,2017-10-11,0.0,14.8,230.6181642
2111,2017-10-12,0.0,15.45,222.6385603
2112,2017-10-13,0.0,15.5,221.109459
2113,2017-10-14,0.0,16.9,217.321754
2114,2017-10-15,0.0,18.6,214.98615
2115,2017-10-16,0.0,18.55,214.1284568
2116,2017-10-17,0.0,17.95,210.6439685
2117,2017-10-18,0.0,16.55,207.3730029
2118,2017-10-19,0.0,15.25,206.952423
2119,2017-10-20,0.0,15.6,206.6616075
2120,2017-10-21,0.0,15.0,206.0835421
2121,2017-10-22,8.6,13.05,
2122,2017-10-23,0.0,9.5,
2123,2017-10-24,0.4,10.5,205.4080954
2124,2017-10-25,0.0,12.95,
2125,2017-10-26,0.0,13.85,
2126,2017-10-27,0.0,13.15,
2127,2017-10-28,0.0,11.8,205.4200869
2128,2017-10-29,0.0,10.4,
2129,2017-10-30,0.0,12.1,
2130,2017-10-31,0.0,11.75,
2131,2017-11-01,0.0,10.3,
2132,2017-11-02,0.0,11.0,
2133,2017-11-03,4.8,8.95,
2134,2017-11-04,0.0,12.45,
2135,2017-11-05,26.4,12.15,
2136,2017-11-06,32.5,8.9,
2137,2017-11-07,11.8,7.3,216.111071
2138,2017-11-08,0.2,7.95,223.9227733
2139,2017-11-09,0.2,9.95,221.54346
2140,2017-11-10,0.2,11.5,217.5781139
2141,2017-11-11,0.0,10.75,217.719509
2142,2017-11-12,1.6,10.45,221.7249337
2143,2017-11-13,22.3,6.1,225.4145992
2144,2017-11-14,10.2,5.55,259.3897386
2145,2017-11-15,9.6,7.75,295.1046023
2146,2017-11-16,0.4,9.05,294.4036907
2147,2017-11-17,0.0,10.6,295.9801211
2148,2017-11-18,0.0,8.5,295.7582796
2149,2017-11-19,0.0,7.35,295.5100706
2150,2017-11-20,0.0,6.7,295.4729666
2151,2017-11-21,0.0,8.05,295.5459414
2152,2017-11-22,0.0,9.8,295.7672228
2153,2017-11-23,0.0,9.65,295.7806701
2154,2017-11-24,0.0,8.3,295.7173852
2155,2017-11-25,1.6,10.05,295.5485176
2156,2017-11-26,8.0,7.15,294.1446548
2157,2017-11-27,0.0,3.45,295.1757923
2158,2017-11-28,0.0,2.6,295.3606553
2159,2017-11-29,,6.45,295.3044281
2160,2017-11-30,10.0,6.85,294.94456
2161,2017-12-01,0.2,4.2,292.2808907
2162,2017-12-02,0.0,3.6,289.3765766
2163,2017-12-03,3.4,4.25,290.2921898
2164,2017-12-04,0.2,3.55,290.513619
2165,2017-12-05,0.0,4.5,290.4948093
2166,2017-12-06,0.0,6.1,290.2257957
2167,2017-12-07,0.0,4.5,289.1983236
2168,2017-12-08,4.4,5.5,289.7843458
2169,2017-12-09,10.2,2.2,289.5708477
2170,2017-12-10,1.6,,288.9780702
2171,2017-12-11,,7.05,289.0147123
2172,2017-12-12,14.0,9.15,281.715168
2173,2017-12-13,20.4,6.15,285.1038584
2174,2017-12-14,18.2,5.1,285.3618903
2175,2017-12-15,,7.9,285.4003997
2176,2017-12-16,3.6,4.9,283.3420542
2177,2017-12-17,2.6,4.05,286.5973183
2178,2017-12-18,0.0,,287.4071353
2179,2017-12-19,0.0,,287.2590029
2180,2017-12-20,0.0,,287.3006026
2181,2017-12-21,0.0,,286.8537558
2182,2017-12-22,0.0,4.35,286.4238177
2183,2017-12-23,0.0,7.65,286.3746886
2184,2017-12-24,0.0,8.2,286.3188714
2185,2017-12-25,0.0,6.95,286.2877642
2186,2017-12-26,2.0,5.25,286.1409696
2187,2017-12-27,,5.7,286.0215439
2188,2017-12-28,12.6,2.6,285.2833504
2189,2017-12-29,10.0,2.5,285.8690179
2190,2017-12-30,2.0,3.4,286.2840679
2191,2017-12-31,0.0,6.25,285.6586306
2192,2018-01-01,5.2,6.2,285.520742
2193,2018-01-02,5.0,5.25,285.433921
2194,2018-01-03,1.2,5.3,285.4662226
2195,2018-01-04,0.2,8.75,285.3569507
2196,2018-01-05,0.0,8.3,285.1199166
2197,2018-01-06,0.0,9.8,273.0413193
2198,2018-01-07,0.0,11.95,283.4794891
2199,2018-01-08,0.0,13.45,283.8310706
2200,2018-01-09,8.3,10.9,283.9967967
2201,2018-01-10,9.6,7.3,284.2730616
2202,2018-01-11,14.6,5.1,284.4637546
2203,2018-01-12,0.4,6.85,284.8036611
2204,2018-01-13,0.0,5.25,284.9816316
2205,2018-01-14,0.0,4.8,285.1529731
2206,2018-01-15,4.6,6.6,285.409068
2207,2018-01-16,17.8,5.6,283.9526944
2208,2018-01-17,5.8,4.6,283.0114659
2209,2018-01-18,0.4,3.2,282.3880703
2210,2018-01-19,7.8,6.05,282.9912076
2211,2018-01-20,0.2,7.7,282.0988631
2212,2018-01-21,1.6,7.5,282.1848494
2213,2018-01-22,0.2,5.45,281.8416884
2214,2018-01-23,0.0,7.25,282.0142623
2215,2018-01-24,0.0,6.2,282.0716175
2216,2018-01-25,0.0,6.35,281.6197422
2217,2018-01-26,0.0,6.35,281.4174235
2218,2018-01-27,0.0,7.6,281.1780577
2219,2018-01-28,0.0,7.55,281.1924477
2220,2018-01-29,0.0,8.35,281.2367184
2221,2018-01-30,0.0,6.75,281.5212508
2222,2018-01-31,0.0,5.85,281.6421359
2223,2018-02-01,22.4,5.9,282.0379488
2224,2018-02-02,,8.1,282.4608154
2225,2018-02-03,,4.7,282.4608154
2226,2018-02-04,5.0,3.35,
2227,2018-02-05,0.0,5.55,
2228,2018-02-06,,5.25,
2229,2018-02-07,30.9,4.15,
2230,2018-02-08,0.2,3.95,
2231,2018-02-09,0.0,4.95,
2232,2018-02-10,0.0,4.75,
2233,2018-02-11,0.0,3.95,
2234,2018-02-12,3.8,2.35,
2235,2018-02-13,1.0,3.75,
2236,2018-02-14,0.2,,
2237,2018-02-15,0.0,2.15,
2238,2018-02-16,0.0,5.25,
2239,2018-02-17,0.0,6.35,
2240,2018-02-18,13.6,5.55,
2241,2018-02-19,6.0,6.05,
2242,2018-02-20,3.0,4.5,286.5629405
2243,2018-02-21,0.0,4.0,287.4811412
2244,2018-02-22,14.2,3.25,288.00177
2245,2018-02-23,7.8,6.85,
2246,2018-02-24,32.4,5.9,
2247,2018-02-25,0.0,4.5,
2248,2018-02-26,0.4,,
2249,2018-02-27,10.6,,
2250,2018-02-28,11.0,,
2251,2018-03-01,4.0,3.4,
2252,2018-03-02,7.0,7.85,
2253,2018-03-03,24.3,5.3,
2254,2018-03-04,7.0,7.7,
2255,2018-03-05,21.4,7.25,
2256,2018-03-06,,5.05,
2257,2018-03-07,27.6,5.7,
2258,2018-03-08,0.0,7.0,
2259,2018-03-09,0.0,8.55,
2260,2018-03-10,0.0,8.15,
2261,2018-03-11,11.2,11.85,
2262,2018-03-12,12.0,7.9,
2263,2018-03-13,7.5,8.1,
2264,2018-03-14,0.0,7.95,
2265,2018-03-15,5.6,7.15,
2266,2018-03-16,14.8,9.8,
2267,2018-03-17,21.0,8.5,
2268,2018-03-18,22.0,5.8,
2269,2018-03-19,13.0,3.95,
2270,2018-03-20,16.6,5.65,
2271,2018-03-21,17.4,6.1,
2272,2018-03-22,0.0,3.45,
2273,2018-03-23,0.0,1.9,
2274,2018-03-24,0.0,3.95,227.4667518
2275,2018-03-25,0.0,5.95,227.221854
2276,2018-03-26,2.6,6.3,227.0872604
2277,2018-03-27,0.4,7.0,226.9583731
2278,2018-03-28,0.0,8.35,226.9437994
2279,2018-03-29,0.0,11.1,226.9517404
2280,2018-03-30,0.0,11.65,226.9449711
2281,2018-03-31,16.8,6.95,226.9411158
2282,2018-04-01,2.2,6.75,226.9487474
2283,2018-04-02,0.2,8.75,226.991171
2284,2018-04-03,0.0,11.3,226.9570889
2285,2018-04-04,0.0,12.65,226.9875143
2286,2018-04-05,1.6,11.5,226.9754304
2287,2018-04-06,0.2,12.65,227.0368141
2288,2018-04-07,0.0,12.7,
2289,2018-04-08,0.0,15.85,
2290,2018-04-09,13.0,11.55,
2291,2018-04-10,0.0,11.55,
2292,2018-04-11,1.6,12.65,
2293,2018-04-12,10.4,10.75,278.1584494
2294,2018-04-13,0.0,11.6,277.4006471
2295,2018-04-14,0.0,15.5,278.2935713
2296,2018-04-15,0.0,17.15,278.4586079
2297,2018-04-16,11.6,15.15,277.7842087
2298,2018-04-17,3.0,13.2,277.2966536
2299,2018-04-18,4.4,14.2,
2300,2018-04-19,0.0,16.8,
2301,2018-04-20,0.0,17.45,
2302,2018-04-21,0.0,17.3,
2303,2018-04-22,0.0,16.7,
2304,2018-04-23,0.2,17.1,
2305,2018-04-24,0.0,16.4,
2306,2018-04-25,0.0,17.55,
2307,2018-04-26,0.0,16.95,
2308,2018-04-27,0.0,18.65,
2309,2018-04-28,0.0,20.15,
2310,2018-04-29,3.4,20.4,
2311,2018-04-30,0.2,15.95,
2312,2018-05-01,0.2,12.45,
2313,2018-05-02,0.0,19.05,
2314,2018-05-03,19.6,14.25,
2315,2018-05-04,6.8,12.55,
2316,2018-05-05,12.0,12.3,
2317,2018-05-06,3.4,13.25,
2318,2018-05-07,14.7,15.25,
2319,2018-05-08,21.0,14.3,
2320,2018-05-09,4.0,13.8,
2321,2018-05-10,7.1,14.55,
2322,2018-05-11,2.8,15.8,
2323,2018-05-12,17.6,14.75,
2324,2018-05-13,0.0,15.15,
2325,2018-05-14,3.6,11.55,
2326,2018-05-15,1.2,9.1,
2327,2018-05-16,0.0,9.8,
2328,2018-05-17,0.0,13.5,
2329,2018-05-18,0.0,15.9,
2330,2018-05-19,0.0,16.55,
2331,2018-05-20,0.0,18.55,
2332,2018-05-21,0.6,17.35,
2333,2018-05-22,2.8,16.95,
2334,2018-05-23,26.7,14.4,
2335,2018-05-24,3.2,17.7,
2336,2018-05-25,,18.0,
2337,2018-05-26,12.1,20.15,
2338,2018-05-27,2.0,21.45,
2339,2018-05-28,0.0,20.65,
2340,2018-05-29,0.0,21.9,
2341,2018-05-30,0.0,22.7,
2342,2018-05-31,0.0,21.4,
2343,2018-06-01,0.0,20.8,
2344,2018-06-02,0.0,20.2,
2345,2018-06-03,0.0,21.1,
2346,2018-06-04,0.0,21.65,
2347,2018-06-05,0.0,18.75,
2348,2018-06-06,0.0,18.75,
2349,2018-06-07,0.0,21.7,
2350,2018-06-08,27.1,19.9,
2351,2018-06-09,0.4,17.8,
2352,2018-06-10,0.0,20.8,
2353,2018-06-11,0.0,22.35,
2354,2018-06-12,0.0,21.6,
2355,2018-06-13,3.2,18.1,
2356,2018-06-14,0.6,17.15,
2357,2018-06-15,8.3,18.15,
2358,2018-06-16,0.0,18.25,
2359,2018-06-17,13.4,19.95,
2360,2018-06-18,0.2,19.25,
2361,2018-06-19,0.0,21.1,
2362,2018-06-20,4.2,20.2,
2363,2018-06-21,7.2,20.45,
2364,2018-06-22,0.2,19.5,
2365,2018-06-23,0.2,16.35,
2366,2018-06-24,0.0,17.05,
2367,2018-06-25,1.0,17.05,
2368,2018-06-26,0.0,16.55,
2369,2018-06-27,0.0,17.15,
2370,2018-06-28,0.0,17.85,
2371,2018-06-29,0.2,18.15,
2372,2018-06-30,1.2,21.55,
2373,2018-07-01,0.0,23.45,
2374,2018-07-02,0.0,23.45,
2375,2018-07-03,0.0,22.0,
2376,2018-07-04,0.0,22.75,
2377,2018-07-05,0.0,24.2,
2378,2018-07-06,0.6,22.15,
2379,2018-07-07,10.9,21.9,
2380,2018-07-08,0.2,20.7,
2381,2018-07-09,0.0,21.45,
2382,2018-07-10,0.0,21.2,
2383,2018-07-11,0.0,21.35,
2384,2018-07-12,0.0,22.5,
2385,2018-07-13,0.0,23.45,
2386,2018-07-14,0.0,24.5,
2387,2018-07-15,0.0,25.2,
2388,2018-07-16,2.0,23.7,
2389,2018-07-17,15.0,20.6,
2390,2018-07-18,0.0,22.4,
2391,2018-07-19,0.0,23.8,
2392,2018-07-20,0.0,24.05,
2393,2018-07-21,0.0,24.05,
2394,2018-07-22,0.0,23.4,
2395,2018-07-23,11.9,18.9,
2396,2018-07-24,11.8,22.1,
2397,2018-07-25,0.2,22.2,
2398,2018-07-26,12.5,23.25,
2399,2018-07-27,0.6,21.65,278.4293085
2400,2018-07-28,0.0,22.75,279.6416667
2401,2018-07-29,0.0,23.95,280.2187422
2402,2018-07-30,0.0,25.8,
2403,2018-07-31,0.0,26.0,
2404,2018-08-01,0.0,25.9,
2405,2018-08-02,4.7,24.6,
2406,2018-08-03,3.2,22.05,
2407,2018-08-04,2.8,22.75,
2408,2018-08-05,0.0,23.35,
2409,2018-08-06,0.0,24.55,
2410,2018-08-07,5.4,24.6,
2411,2018-08-08,2.3,23.85,
2412,2018-08-09,0.0,23.55,
2413,2018-08-10,0.0,25.0,
2414,2018-08-11,0.0,25.3,
2415,2018-08-12,0.0,24.6,
2416,2018-08-13,0.0,23.7,
2417,2018-08-14,3.8,22.0,
2418,2018-08-15,7.8,18.75,
2419,2018-08-16,0.0,21.25,
2420,2018-08-17,1.0,21.8,
2421,2018-08-18,3.2,21.35,
2422,2018-08-19,5.6,22.05,
2423,2018-08-20,1.4,22.1,
2424,2018-08-21,0.4,23.6,
2425,2018-08-22,0.4,22.3,
2426,2018-08-23,11.2,22.25,288.6436626
2427,2018-08-24,0.0,21.8,289.1707452
2428,2018-08-25,0.0,22.0,289.3854819
2429,2018-08-26,2.5,18.4,289.4997664
2430,2018-08-27,0.0,18.0,290.2286474
2431,2018-08-28,0.0,20.3,290.5462882
2432,2018-08-29,0.0,22.15,291.1634912
2433,2018-08-30,4.8,21.4,291.7572217
2434,2018-08-31,0.2,21.0,292.1744983
2435,2018-09-01,3.6,19.35,290.6908883
2436,2018-09-02,2.4,19.65,290.9878738
2437,2018-09-03,0.0,18.35,292.7731228
2438,2018-09-04,0.0,18.65,293.215641
2439,2018-09-05,0.0,19.9,290.7679676
2440,2018-09-06,0.0,21.2,290.9155214
2441,2018-09-07,5.8,20.45,293.5315011
2442,2018-09-08,0.0,19.2,294.206511
2443,2018-09-09,13.6,21.05,295.1757454
2444,2018-09-10,23.0,20.9,296.3452164
2445,2018-09-11,0.0,21.25,290.1845749
2446,2018-09-12,0.0,22.5,290.5679645
2447,2018-09-13,0.0,20.8,290.7044684
2448,2018-09-14,26.0,20.75,290.725616
2449,2018-09-15,0.0,21.6,290.8997342
2450,2018-09-16,0.0,21.45,290.841512
2451,2018-09-17,0.0,21.4,290.6817483
2452,2018-09-18,1.8,21.3,290.5659398
2453,2018-09-19,1.2,19.6,289.678396
2454,2018-09-20,3.8,20.3,290.4383928
2455,2018-09-21,0.0,20.65,291.1542531
2456,2018-09-22,0.0,21.35,291.798964
2457,2018-09-23,0.0,21.2,291.7829323
2458,2018-09-24,0.0,20.3,290.802458
2459,2018-09-25,0.2,15.25,290.8182888
2460,2018-09-26,0.0,11.9,291.958799
2461,2018-09-27,0.0,14.95,292.0140622
2462,2018-09-28,0.0,16.6,292.0569577
2463,2018-09-29,0.0,18.1,292.0592481
2464,2018-09-30,0.0,15.9,292.2014988
2465,2018-10-01,15.5,15.0,292.1374438
2466,2018-10-02,0.0,14.8,289.3997014
2467,2018-10-03,0.0,16.65,292.0609505
2468,2018-10-04,0.0,19.45,292.1424026
2469,2018-10-05,0.0,18.3,291.6645628
2470,2018-10-06,31.1,14.7,290.1787921
2471,2018-10-07,0.6,15.4,288.3864409
2472,2018-10-08,0.2,16.6,289.9196703
2473,2018-10-09,0.6,17.3,288.8812605
2474,2018-10-10,1.4,17.05,288.4138675
2475,2018-10-11,0.2,16.85,289.8398773
2476,2018-10-12,0.0,16.85,289.8329448
2477,2018-10-13,0.0,16.3,289.7034704
2478,2018-10-14,0.0,16.55,288.7459505
2479,2018-10-15,1.2,15.8,289.7706394
2480,2018-10-16,0.0,17.8,290.1523753
2481,2018-10-17,0.0,18.3,290.2444774
2482,2018-10-18,0.0,18.2,290.0982951
2483,2018-10-19,0.0,16.75,289.9936499
2484,2018-10-20,0.0,17.6,290.0938717
2485,2018-10-21,27.0,13.65,289.0315952
2486,2018-10-22,15.4,9.7,288.9345757
2487,2018-10-23,0.0,13.15,288.1070375
2488,2018-10-24,0.0,13.55,288.8226
2489,2018-10-25,0.0,15.3,288.7266617
2490,2018-10-26,0.0,15.15,288.6026569
2491,2018-10-27,,13.2,288.2212835
2492,2018-10-28,,14.2,286.2523344
2493,2018-10-29,,13.75,284.2723607
2494,2018-10-30,2.0,10.1,
2495,2018-10-31,0.0,11.7,
2496,2018-11-01,,13.75,285.1650369
2497,2018-11-02,,12.6,284.8860213
2498,2018-11-03,0.4,16.75,280.6134124
2499,2018-11-04,14.1,13.7,280.1491262
2500,2018-11-05,8.4,11.4,277.7575537
2501,2018-11-06,0.2,13.2,279.6956119
2502,2018-11-07,8.6,10.7,278.3616957
2503,2018-11-08,0.2,10.75,277.7039683
2504,2018-11-09,0.0,11.5,277.7286581
2505,2018-11-10,0.0,11.65,279.4017358
2506,2018-11-11,0.0,12.2,281.2684011
2507,2018-11-12,0.0,13.05,285.3936828
2508,2018-11-13,0.0,12.5,286.0353628
2509,2018-11-14,0.0,13.05,287.2270905
2510,2018-11-15,0.0,11.55,212.3341951
2511,2018-11-16,0.0,10.45,222.3361198
2512,2018-11-17,0.0,7.9,256.3078433
2513,2018-11-18,0.0,7.55,280.8496179
2514,2018-11-19,,6.0,281.020619
2515,2018-11-20,,11.5,279.9291829
2516,2018-11-21,0.2,10.05,274.4365436
2517,2018-11-22,1.0,10.1,274.3934899
2518,2018-11-23,0.0,9.85,274.4882009
2519,2018-11-24,26.9,10.35,274.2702618
2520,2018-11-25,,10.15,274.315291
2521,2018-11-26,7.4,6.85,275.5901356
2522,2018-11-27,8.4,7.2,274.9544491
2523,2018-11-28,0.0,6.3,275.6707627
2524,2018-11-29,0.0,6.55,275.6143381
2525,2018-11-30,0.0,6.15,275.5680507
2526,2018-12-01,0.0,8.9,275.014901
2527,2018-12-02,0.0,8.2,274.8623692
2528,2018-12-03,3.2,8.0,274.8608014
2529,2018-12-04,0.4,11.1,274.696989
2530,2018-12-05,0.0,9.55,274.7892025
2531,2018-12-06,0.0,8.0,274.9078507
2532,2018-12-07,0.0,8.0,274.9212928
2533,2018-12-08,8.6,6.95,274.7607475
2534,2018-12-09,0.6,6.55,
2535,2018-12-10,0.2,7.15,
2536,2018-12-11,0.8,4.45,
2537,2018-12-12,0.0,3.2,
2538,2018-12-13,8.6,3.8,
2539,2018-12-14,,6.25,
2540,2018-12-15,23.2,3.1,
2541,2018-12-16,3.0,2.4,
2542,2018-12-17,17.8,5.2,
2543,2018-12-18,0.0,4.7,
2544,2018-12-19,0.0,3.8,
2545,2018-12-20,2.2,5.2,
2546,2018-12-21,0.0,6.3,
2547,2018-12-22,0.0,7.6,
2548,2018-12-23,0.0,8.55,
2549,2018-12-24,0.0,9.25,
2550,2018-12-25,0.0,5.5,
2551,2018-12-26,0.0,4.55,
2552,2018-12-27,0.0,6.6,
2553,2018-12-28,0.0,5.65,
2554,2018-12-29,0.0,7.0,
2555,2018-12-30,0.0,6.25,
2556,2018-12-31,0.0,5.1,
2557,2019-01-01,,,
2558,2019-01-02,,,
2559,2019-01-03,,,
2560,2019-01-04,,,277.0257486
2561,2019-01-05,,,276.9671448
2562,2019-01-06,,,277.0711894
2563,2019-01-07,,,277.1108975
2564,2019-01-08,,,277.150269
2565,2019-01-09,,,276.6547051
2566,2019-01-10,,,276.2917589
2567,2019-01-11,,,275.9969013
2568,2019-01-12,,,276.3491097
2569,2019-01-13,,,276.417584
2570,2019-01-14,,,276.5229436
2571,2019-01-15,,,276.5495815
2572,2019-01-16,,,276.6309016
2573,2019-01-17,,,276.6532582
2574,2019-01-18,,,276.7469201
2575,2019-01-19,,,276.6610067
2576,2019-01-20,,,276.7714305
2577,2019-01-21,,,276.8300248
2578,2019-01-22,,,276.959012
2579,2019-01-23,,,276.9934996
2580,2019-01-24,,,277.1301346
2581,2019-01-25,,,277.1260633
2582,2019-01-26,,,277.2322897
2583,2019-01-27,,,277.399063
2584,2019-01-28,,,277.2556823
2585,2019-01-29,,,277.2380694
2586,2019-01-30,,,277.2481661
2587,2019-01-31,,,277.505045
2588,2019-02-01,,,277.8600434
2589,2019-02-02,,,277.8405954
2590,2019-02-03,,,277.9755014
2591,2019-02-04,,,
2592,2019-02-05,,,
2593,2019-02-06,,,
2594,2019-02-07,,,234.5362251
2595,2019-02-08,,,233.4532453
2596,2019-02-09,,,232.5189952
2597,2019-02-10,,,231.9818386
2598,2019-02-11,,,231.6339997
2599,2019-02-12,,,231.0685938
2600,2019-02-13,,,230.5653634
2601,2019-02-14,,,230.2614149
2602,2019-02-15,,,230.0412253
2603,2019-02-16,,,229.6978455
2604,2019-02-17,,,229.4304799
2605,2019-02-18,,,229.1689716
2606,2019-02-19,,,228.9840465
2607,2019-02-20,,,228.7469506
2608,2019-02-21,,,228.4264808
2609,2019-02-22,,,228.2019739
2610,2019-02-23,,,228.0308271
2611,2019-02-24,,,227.8656061
2612,2019-02-25,,,227.6488423
2613,2019-02-26,,,227.3055972
2614,2019-02-27,,,227.1206996
2615,2019-02-28,,,226.9553343
2616,2019-03-01,,,226.7897831
2617,2019-03-02,,,226.7431876
2618,2019-03-03,,,226.6133087
2619,2019-03-04,,,226.3453994
2620,2019-03-05,,,226.1022417
2621,2019-03-06,,,225.8225481
2622,2019-03-07,,,225.2750579
2623,2019-03-08,,,225.0110249
2624,2019-03-09,,,224.6774648
2625,2019-03-10,,,224.3356999
2626,2019-03-11,,,224.0783777
2627,2019-03-12,,,223.906568
2628,2019-03-13,,,
2629,2019-03-14,,,
2630,2019-03-15,,,
2631,2019-03-16,,,
2632,2019-03-17,,,
2633,2019-03-18,,,
2634,2019-03-19,,,221.4562818
2635,2019-03-20,,,220.9181746
2636,2019-03-21,,,220.6916063
2637,2019-03-22,,,220.3352369
2638,2019-03-23,,,219.9685773
2639,2019-03-24,,,219.6996659
2640,2019-03-25,,,219.4123368
2641,2019-03-26,,,219.2044832
2642,2019-03-27,,,218.9460929
2643,2019-03-28,,,218.5115132
2644,2019-03-29,,,218.0700818
2645,2019-03-30,,,217.6145844
2646,2019-03-31,,,217.2587722
2647,2019-04-01,,,216.9973704
2648,2019-04-02,,,216.7665241
2649,2019-04-03,,,216.3106844
2650,2019-04-04,,,216.0504404
2651,2019-04-05,,,215.9128574
2652,2019-04-06,,,215.7514186
2653,2019-04-07,,,215.3474944
2654,2019-04-08,,,214.9571976
2655,2019-04-09,,,214.5572219
2656,2019-04-10,,,214.1653425
2657,2019-04-11,,,213.7173812
2658,2019-04-12,,,213.3340755
2659,2019-04-13,,,212.9911328
2660,2019-04-14,,,212.5707081
2661,2019-04-15,,,212.1552285
2662,2019-04-16,,,211.6591487
2663,2019-04-17,,,211.175544
2664,2019-04-18,,,210.8453488
2665,2019-04-19,,,210.3776639
2666,2019-04-20,,,209.772231
2667,2019-04-21,,,209.5334872
2668,2019-04-22,,,209.2764379
2669,2019-04-23,,,209.058525
2670,2019-04-24,,,208.7687181
2671,2019-04-25,,,208.4209418
2672,2019-04-26,,,207.9982127
2673,2019-04-27,,,207.5246499
2674,2019-04-28,,,207.0369841
2675,2019-04-29,,,206.7815636
2676,2019-04-30,,,206.5025473
2677,2019-05-01,,,206.1291278
2678,2019-05-02,,,205.782427
2679,2019-05-03,,,
2680,2019-05-04,,,
2681,2019-05-05,,,205.3441941
2682,2019-05-06,,,
2683,2019-05-07,,,
2684,2019-05-08,,,
2685,2019-05-09,,,
2686,2019-05-10,,,
2687,2019-05-11,,,
2688,2019-05-12,,,
2689,2019-05-13,,,
2690,2019-05-14,,,
2691,2019-05-15,,,
2692,2019-05-16,,,
2693,2019-05-17,,,
2694,2019-05-18,,,
2695,2019-05-19,,,
2696,2019-05-20,,,
2697,2019-05-21,,,215.9306724
2698,2019-05-22,,,228.5286558
2699,2019-05-23,,,227.9150445
2700,2019-05-24,,,227.631072
2701,2019-05-25,,,227.3644439
2702,2019-05-26,,,226.9763354
2703,2019-05-27,,,226.6307105
2704,2019-05-28,,,226.4295584
2705,2019-05-29,,,226.6768287
2706,2019-05-30,,,226.4598283
2707,2019-05-31,,,226.134324
2708,2019-06-01,,,225.7901064
2709,2019-06-02,,,225.4525837
2710,2019-06-03,,,225.1146809
2711,2019-06-04,,,224.7712304
2712,2019-06-05,,,
2713,2019-06-06,,,224.2501909
2714,2019-06-07,,,224.0401655
2715,2019-06-08,,,223.8422866
2716,2019-06-09,,,223.6592545
2717,2019-06-10,,,223.4778108
2718,2019-06-11,,,223.3084537
2719,2019-06-12,,,223.193085
2720,2019-06-13,,,222.9976367
2721,2019-06-14,,,222.8088497
2722,2019-06-15,,,222.6448101
2723,2019-06-16,,,222.5132278
2724,2019-06-17,,,222.2805604
2725,2019-06-18,,,222.034409
2726,2019-06-19,,,216.9883076
2727,2019-06-20,,,220.2312105
2728,2019-06-21,,,
2729,2019-06-22,,,219.6272763
2730,2019-06-23,,,219.2694846
2731,2019-06-24,,,218.8939149
2732,2019-06-25,,,218.3753648
2733,2019-06-26,,,217.8980813
2734,2019-06-27,,,217.4425376
2735,2019-06-28,,,217.0410417
2736,2019-06-29,,,216.7306157
2737,2019-06-30,,,216.2317958
2738,2019-07-01,,,215.7486065
2739,2019-07-02,,,259.3795444
2740,2019-07-03,,,283.1456122
2741,2019-07-04,,,281.6365519
2742,2019-07-05,,,280.871925
2743,2019-07-06,,,281.4149565
2744,2019-07-07,,,282.2179512
2745,2019-07-08,,,282.5122829
2746,2019-07-09,,,282.7831838
2747,2019-07-10,,,282.6695774
2748,2019-07-11,,,282.5877552
2749,2019-07-12,,,282.3581627
2750,2019-07-13,,,282.2488333
2751,2019-07-14,,,262.7276489
2752,2019-07-15,,,282.832275
2753,2019-07-16,,,282.2205057
2754,2019-07-17,,,282.5926095
2755,2019-07-18,,,283.1568614
2756,2019-07-19,,,283.4604924
2757,2019-07-20,,,284.166937
2758,2019-07-21,,,285.0955835
2759,2019-07-22,,,286.1175439
2760,2019-07-23,,,286.4065517
2761,2019-07-24,,,287.0088265
2762,2019-07-25,,,287.1563964
2763,2019-07-26,,,288.9754685
2764,2019-07-27,,,289.3577806
2765,2019-07-28,,,
2766,2019-07-29,,,285.6248971
2767,2019-07-30,,,286.2349406
2768,2019-07-31,,,286.6263647
2769,2019-08-01,,,286.926332
2770,2019-08-02,,,287.0408943
2771,2019-08-03,,,286.666641
2772,2019-08-04,,,286.7396306
2773,2019-08-05,,,286.8550877
2774,2019-08-06,,,288.9780817
2775,2019-08-07,,,293.3273171
2776,2019-08-08,,,293.589359
2777,2019-08-09,,,294.3825712
2778,2019-08-10,,,294.5455988
2779,2019-08-11,,,294.7491531
2780,2019-08-12,,,294.9077617
2781,2019-08-13,,,291.7044256
2782,2019-08-14,,,290.540717
2783,2019-08-15,,,290.5306214
2784,2019-08-16,,,290.7301096
2785,2019-08-17,,,290.7369383
2786,2019-08-18,,,291.422935
2787,2019-08-19,,,291.7649237
2788,2019-08-20,,,292.7405675
2789,2019-08-21,,,291.8216573
2790,2019-08-22,,,292.2682131
2791,2019-08-23,,,292.8533306
2792,2019-08-24,,,293.1975166
2793,2019-08-25,,,
2794,2019-08-26,,,
2795,2019-08-27,,,
2796,2019-08-28,,,
2797,2019-08-29,,,
2798,2019-08-30,,,294.8336345
2799,2019-08-31,,,294.608695
2800,2019-09-01,,,
2801,2019-09-02,,,
2802,2019-09-03,,,
2803,2019-09-04,,,
2804,2019-09-05,,,293.7429082
2805,2019-09-06,,,294.8794327
2806,2019-09-07,,,295.1492158
2807,2019-09-08,,,295.2708628
2808,2019-09-09,,,295.3305576
2809,2019-09-10,,,295.5909182
2810,2019-09-11,,,295.8851878
2811,2019-09-12,,,294.5965988
2812,2019-09-13,,,295.8807773
2813,2019-09-14,,,
2814,2019-09-15,,,
2815,2019-09-16,,,
2816,2019-09-17,,,
2817,2019-09-18,,,
2818,2019-09-19,,,
2819,2019-09-20,,,296.0708483
2820,2019-09-21,,,296.5553249
2821,2019-09-22,,,296.4682494
2822,2019-09-23,,,296.4239591
2823,2019-09-24,,,296.3721566
2824,2019-09-25,,,295.8961838
2825,2019-09-26,,,294.2134857
2826,2019-09-27,,,282.5621517
2827,2019-09-28,,,278.2716547
2828,2019-09-29,,,277.8003587
2829,2019-09-30,,,279.0255503
2830,2019-10-01,,,271.9694063
2831,2019-10-02,,,269.1594355
2832,2019-10-03,,,268.1456682
2833,2019-10-04,,,267.8026023
2834,2019-10-05,,,266.0336642
2835,2019-10-06,,,262.2691977
2836,2019-10-07,,,258.1425309
2837,2019-10-08,,,256.513475
2838,2019-10-09,,,255.899564
2839,2019-10-10,,,256.1448415
2840,2019-10-11,,,253.1729529
2841,2019-10-12,,,249.1131154
2842,2019-10-13,,,241.7957938
2843,2019-10-14,,,238.8043588
2844,2019-10-15,,,237.0060462
2845,2019-10-16,,,234.8108202
2846,2019-10-17,,,240.360785
2847,2019-10-18,,,239.4862657
2848,2019-10-19,,,236.2158027
2849,2019-10-20,,,229.1896022
2850,2019-10-21,,,227.1296462
2851,2019-10-22,,,225.8036799
2852,2019-10-23,,,221.7479986
2853,2019-10-24,,,220.8555295
2854,2019-10-25,,,220.2689093
2855,2019-10-26,,,220.4502776
2856,2019-10-27,,,216.6595119
2857,2019-10-28,,,218.2305027
2858,2019-10-29,,,214.4603111
2859,2019-10-30,,,213.6686235
2860,2019-10-31,,,212.0495118
2861,2019-11-01,,,210.8797361
2862,2019-11-02,,,209.8828305
2863,2019-11-03,,,209.5952529
2864,2019-11-04,,,220.4254667
2865,2019-11-05,,,224.9428256
2866,2019-11-06,,,224.8042047
2867,2019-11-07,,,224.8069178
2868,2019-11-08,,,224.7969169
2869,2019-11-09,,,224.791167
2870,2019-11-10,,,224.8599805
2871,2019-11-11,,,224.9052084
2872,2019-11-12,,,225.0096259
2873,2019-11-13,,,224.9616797
2874,2019-11-14,,,224.9503773
2875,2019-11-15,,,224.8996718
2876,2019-11-16,,,224.9691993
2877,2019-11-17,,,225.2527642
2878,2019-11-18,,,225.2589049
2879,2019-11-19,,,
2880,2019-11-20,,,
2881,2019-11-21,,,
2882,2019-11-22,,,
2883,2019-11-23,,,
2884,2019-11-24,,,
2885,2019-11-25,,,
2886,2019-11-26,,,223.3837659
2887,2019-11-27,,,222.3157566
2888,2019-11-28,,,221.4141229
2889,2019-11-29,,,221.3134412
2890,2019-11-30,,,221.0378685
2891,2019-12-01,,,220.7798978
2892,2019-12-02,,,220.1794104
2893,2019-12-03,,,219.3372237
2894,2019-12-04,,,219.0130579
2895,2019-12-05,,,218.7238131
2896,2019-12-06,,,220.0755354
2897,2019-12-07,,,224.1433517
2898,2019-12-08,,,223.7450826
2899,2019-12-09,,,223.4219907
2900,2019-12-10,,,223.0929629
2901,2019-12-11,,,222.7865872
2902,2019-12-12,,,222.0803213
2903,2019-12-13,,,221.761247
2904,2019-12-14,,,221.9828872
2905,2019-12-15,,,222.219668
2906,2019-12-16,,,221.5879318
2907,2019-12-17,,,221.4285246
2908,2019-12-18,,,221.4237137
2909,2019-12-19,,,221.3516595
2910,2019-12-20,,,222.7062513
2911,2019-12-21,,,224.5651219
2912,2019-12-22,,,224.9582528
2913,2019-12-23,,,225.0228883
2914,2019-12-24,,,225.1169074
2915,2019-12-25,,,225.1099326
2916,2019-12-26,,,225.0915368
2917,2019-12-27,,,224.9363656
2918,2019-12-28,,,224.8112844
2919,2019-12-29,,,224.5278563
2920,2019-12-30,,,224.5171103
2921,2019-12-31,,,224.026658
2922,2020-01-01,,,223.0464635
2923,2020-01-02,,,222.3858663
2924,2020-01-03,,,223.2303993
2925,2020-01-04,,,224.3290247
2926,2020-01-05,,,223.9677727
2927,2020-01-06,,,223.7396438
2928,2020-01-07,,,223.5405675
2929,2020-01-08,,,223.2107301
2930,2020-01-09,,,223.5531107
2931,2020-01-10,,,223.7595112
2932,2020-01-11,,,223.6179103
2933,2020-01-12,,,223.4697776
2934,2020-01-13,,,
2935,2020-01-14,,,
2936,2020-01-15,,,223.1633189
2937,2020-01-16,,,223.0455308
2938,2020-01-17,,,222.9940238
2939,2020-01-18,,,
2940,2020-01-19,,,
2941,2020-01-20,,,
2942,2020-01-21,,,222.4286572
2943,2020-01-22,,,222.320957
2944,2020-01-23,,,222.3400782
2945,2020-01-24,,,222.3113651
2946,2020-01-25,,,222.2457959
2947,2020-01-26,,,222.3128477
2948,2020-01-27,,,222.1402636
2949,2020-01-28,,,222.1390845
2950,2020-01-29,,,222.2717708
2951,2020-01-30,,,222.4647341
2952,2020-01-31,,,223.0877623
2953,2020-02-01,,,224.2310651
2954,2020-02-02,,,224.1187828
2955,2020-02-03,,,224.1688064
2956,2020-02-04,,,224.0190382
2957,2020-02-05,,,224.0658919
2958,2020-02-06,,,224.1053007
2959,2020-02-07,,,224.0915735
2960,2020-02-08,,,223.9452982
2961,2020-02-09,,,223.948835
2962,2020-02-10,,,223.9054184
2963,2020-02-11,,,223.7468228
2964,2020-02-12,,,223.8611751
2965,2020-02-13,,,223.9047863
2966,2020-02-14,,,223.8419104
2967,2020-02-15,,,223.8046047
2968,2020-02-16,,,223.9018953
2969,2020-02-17,,,223.83025
2970,2020-02-18,,,223.9866131
2971,2020-02-19,,,224.1918227
2972,2020-02-20,,,211.740395
2973,2020-02-21,,,212.2457995
2974,2020-02-22,,,214.0361049
2975,2020-02-23,,,215.2357485
2976,2020-02-24,,,216.2572836
2977,2020-02-25,,,217.1579605
2978,2020-02-26,,,218.0014021
2979,2020-02-27,,,220.6494587
2980,2020-02-28,,,223.5990929
2981,2020-02-29,,,224.1699679
2982,2020-03-01,,,224.2353095
2983,2020-03-02,,,224.2201556
2984,2020-03-03,,,224.4760408
2985,2020-03-04,,,224.6663443
2986,2020-03-05,,,224.662687
2987,2020-03-06,,,224.7819452
2988,2020-03-07,,,224.7996015
2989,2020-03-08,,,224.8145684
2990,2020-03-09,,,224.7925575
2991,2020-03-10,,,224.6655236
2992,2020-03-11,,,224.6389588
2993,2020-03-12,,,224.6447462
2994,2020-03-13,,,224.5562011
2995,2020-03-14,,,224.6679478
2996,2020-03-15,,,224.6140043
2997,2020-03-16,,,224.6031546
2998,2020-03-17,,,224.6107011
2999,2020-03-18,,,224.558076
3000,2020-03-19,,,224.6496057
3001,2020-03-20,,,224.6111657
3002,2020-03-21,,,224.5330913
3003,2020-03-22,,,224.5386593
3004,2020-03-23,,,224.4291637
3005,2020-03-24,,,224.4927359
3006,2020-03-25,,,224.4089505
3007,2020-03-26,,,224.4633965
3008,2020-03-27,,,224.7343994
3009,2020-03-28,,,224.6554505
3010,2020-03-29,,,224.5971059
3011,2020-03-30,,,224.5029157
3012,2020-03-31,,,224.5423318
3013,2020-04-01,,,224.5105342
3014,2020-04-02,,,224.5931526
3015,2020-04-03,,,224.5403137
3016,2020-04-04,,,224.4438835
3017,2020-04-05,,,224.6134032
3018,2020-04-06,,,224.50066
3019,2020-04-07,,,224.5207673
3020,2020-04-08,,,224.5335447
3021,2020-04-09,,,224.5502589
3022,2020-04-10,,,224.5060244
3023,2020-04-11,,,224.5881914
3024,2020-04-12,,,224.6677315
3025,2020-04-13,,,224.5815884
3026,2020-04-14,,,224.646203
3027,2020-04-15,,,224.6078495
3028,2020-04-16,,,224.6336743
3029,2020-04-17,,,224.6747914
3030,2020-04-18,,,224.6582085
3031,2020-04-19,,,224.6525003
3032,2020-04-20,,,224.667059
3033,2020-04-21,,,224.735337
3034,2020-04-22,,,224.661196
3035,2020-04-23,,,224.617596
3036,2020-04-24,,,224.6359569
3037,2020-04-25,,,224.5538101
3038,2020-04-26,,,224.5392177
3039,2020-04-27,,,224.5208704
3040,2020-04-28,,,224.5743987
3041,2020-04-29,,,224.6115594
3042,2020-04-30,,,224.6599531
3043,2020-05-01,,,224.7061048
3044,2020-05-02,,,224.6295268
3045,2020-05-03,,,224.6375214
3046,2020-05-04,,,224.6268449
3047,2020-05-05,,,224.702275
3048,2020-05-06,,,224.8607499
3049,2020-05-07,,,224.7929844
3050,2020-05-08,,,224.7611864
3051,2020-05-09,,,224.7748107
3052,2020-05-10,,,224.7640363
3053,2020-05-11,,,224.7221841
3054,2020-05-12,,,224.6446891
3055,2020-05-13,,,224.6710911
3056,2020-05-14,,,224.522903
3057,2020-05-15,,,224.6104493
3058,2020-05-16,,,224.5627473
3059,2020-05-17,,,224.4579061
3060,2020-05-18,,,224.4890666
3061,2020-05-19,,,224.4257715
3062,2020-05-20,,,224.3825847
3063,2020-05-21,,,224.3223625
3064,2020-05-22,,,224.2295469
3065,2020-05-23,,,224.2020345
3066,2020-05-24,,,224.0789377
3067,2020-05-25,,,224.1027754
3068,2020-05-26,,,223.9999125
3069,2020-05-27,,,223.6368025
3070,2020-05-28,,,224.0065818
3071,2020-05-29,,,223.9319185
3072,2020-05-30,,,223.9570615
3073,2020-05-31,,,223.8840037
3074,2020-06-01,,,223.8939709
3075,2020-06-02,,,223.8998308
3076,2020-06-03,,,223.7992213
3077,2020-06-04,,,223.8350338
3078,2020-06-05,,,223.7981115
3079,2020-06-06,,,224.347578
3080,2020-06-07,,,224.5653131
3081,2020-06-08,,,224.4832919
3082,2020-06-09,,,224.399748
3083,2020-06-10,,,224.4420299
3084,2020-06-11,,,224.446045
3085,2020-06-12,,,224.4229913
3086,2020-06-13,,,224.4572536
3087,2020-06-14,,,224.480195
3088,2020-06-15,,,224.3954415
3089,2020-06-16,,,224.4262549
3090,2020-06-17,,,224.373913
3091,2020-06-18,,,224.2318783
3092,2020-06-19,,,224.1983273
3093,2020-06-20,,,224.1416815
3094,2020-06-21,,,224.1827727
3095,2020-06-22,,,224.1703211
3096,2020-06-23,,,224.1237806
3097,2020-06-24,,,224.0729677
3098,2020-06-25,,,224.0137039
3099,2020-06-26,,,223.9191154
3100,2020-06-27,,,223.8617874
3101,2020-06-28,,,223.7643823
3102,2020-06-29,,,223.7662716
3103,2020-06-30,,,223.7526532
3104,,,,
3105,,,,
3106,,,,
3107,,,,
3108,,,,
3109,,,,
3110,,,,
3111,,,,
3112,,,,
